ax,ay,az,gx,gy,gz
-0.26,-0.22,0.89,-5.43,-1.1,4.09
-0.27,-0.22,0.89,-6.16,-0.67,2.56
-0.27,-0.21,0.91,-6.53,0.31,1.65
-0.27,-0.2,0.94,-6.53,2.2,-0.55
-0.26,-0.21,0.97,-6.1,2.44,-1.95
-0.26,-0.2,0.98,-5.25,2.38,-3.3
-0.26,-0.2,0.98,-3.54,2.69,-4.46
-0.27,-0.21,0.97,-2.62,2.2,-5.25
-0.27,-0.2,0.95,-1.28,1.28,-6.41
-0.28,-0.21,0.93,-0.55,1.46,-6.96
-0.29,-0.21,0.91,0.37,3.48,-7.14
-0.28,-0.21,0.92,1.04,5.07,-6.9
-0.26,-0.21,0.93,1.46,5.07,-6.65
-0.26,-0.2,0.93,2.2,4.58,-6.47
-0.26,-0.2,0.95,2.26,3.85,-6.96
-0.26,-0.2,0.96,2.08,1.46,-8.24
-0.27,-0.2,0.96,2.2,0.67,-8.48
-0.27,-0.2,0.96,2.01,0.0,-8.85
-0.28,-0.2,0.94,1.95,-0.73,-9.09
-0.28,-0.21,0.92,2.2,-0.73,-9.52
-0.29,-0.21,0.91,3.05,0.61,-9.34
-0.29,-0.21,0.91,3.36,1.95,-8.79
-0.28,-0.22,0.91,4.03,2.56,-8.12
-0.28,-0.22,0.9,4.39,2.81,-7.2
-0.29,-0.22,0.89,4.64,3.3,-6.04
-0.28,-0.21,0.88,4.52,4.03,-5.0
-0.28,-0.22,0.88,4.03,4.39,-4.52
-0.28,-0.2,0.9,3.23,4.52,-4.21
-0.28,-0.2,0.91,2.38,4.52,-4.39
-0.27,-0.19,0.94,1.83,4.82,-4.82
-0.26,-0.2,0.95,1.89,3.6,-5.74
-0.26,-0.2,0.95,1.89,2.01,-6.1
-0.28,-0.2,0.94,2.87,-0.12,-6.1
-0.29,-0.21,0.93,3.78,-0.43,-5.37
-0.3,-0.22,0.91,5.07,-0.67,-3.66
-0.31,-0.23,0.89,5.43,-0.24,-2.62
-0.31,-0.24,0.88,5.62,0.43,-1.46
-0.31,-0.24,0.87,5.68,1.71,-0.31
-0.3,-0.24,0.87,5.07,2.81,0.24
-0.3,-0.25,0.88,3.72,4.15,0.92
-0.29,-0.25,0.88,3.11,5.0,1.22
-0.28,-0.25,0.91,1.53,2.99,1.46
-0.29,-0.26,0.92,0.92,1.4,0.98
-0.3,-0.26,0.93,0.31,0.49,1.16
-0.31,-0.26,0.92,-0.85,-0.98,1.46
-0.32,-0.25,0.93,-1.77,-0.79,1.34
-0.33,-0.25,0.93,-2.38,0.55,1.22
-0.32,-0.26,0.94,-2.38,0.73,1.28
-0.32,-0.27,0.93,-2.26,-0.37,1.16
-0.33,-0.28,0.93,-1.46,-2.26,0.92
-0.33,-0.28,0.92,-0.49,-2.26,1.1
-0.33,-0.28,0.9,0.43,-1.89,1.4
-0.33,-0.28,0.88,1.59,-0.37,1.46
-0.32,-0.29,0.86,2.32,0.67,1.59
-0.31,-0.29,0.86,2.87,2.14,1.71
-0.3,-0.29,0.86,3.3,2.75,1.59
-0.29,-0.29,0.86,3.72,2.99,1.77
-0.29,-0.29,0.86,4.03,2.75,1.83
-0.28,-0.29,0.88,4.33,2.69,1.53
-0.29,-0.29,0.88,4.33,2.75,0.98
-0.3,-0.29,0.88,3.78,3.11,0.18
-0.29,-0.28,0.89,2.69,3.78,-1.1
-0.29,-0.28,0.89,1.77,3.85,-2.08
-0.29,-0.27,0.9,0.79,2.75,-3.54
-0.3,-0.26,0.9,0.61,1.89,-4.21
-0.31,-0.27,0.9,0.67,0.73,-4.27
-0.32,-0.27,0.9,0.79,0.79,-3.72
-0.32,-0.26,0.9,1.34,0.79,-3.3
-0.32,-0.25,0.9,1.83,0.73,-2.5
-0.32,-0.25,0.89,2.62,0.85,-1.71
-0.33,-0.25,0.88,3.54,1.34,-0.98
-0.34,-0.26,0.86,4.58,2.93,0.49
-0.34,-0.26,0.86,4.39,4.7,1.4
-0.33,-0.26,0.85,4.58,7.51,2.99
-0.32,-0.26,0.87,4.76,8.24,3.66
-0.32,-0.27,0.88,4.82,7.87,3.97
-0.34,-0.28,0.87,3.78,8.67,3.85
-0.33,-0.28,0.87,3.36,9.46,4.09
-0.32,-0.29,0.87,2.32,9.4,4.15
-0.32,-0.29,0.87,0.31,8.06,4.09
-0.32,-0.29,0.88,-0.55,7.45,3.85
-0.32,-0.29,0.88,-1.77,5.98,3.42
-0.32,-0.3,0.88,-2.26,4.46,2.62
-0.32,-0.29,0.88,-2.69,1.83,1.4
-0.31,-0.3,0.89,-2.69,-0.12,0.12
-0.32,-0.29,0.9,-2.2,-1.83,-1.1
-0.32,-0.29,0.91,-1.28,-4.39,-3.17
-0.33,-0.29,0.92,-0.55,-7.57,-4.52
-0.36,-0.3,0.94,0.18,-13.49,-6.65
-0.38,-0.29,0.94,0.61,-16.42,-8.12
-0.41,-0.29,0.94,1.16,-18.13,-9.64
-0.43,-0.3,0.92,1.28,-16.48,-10.38
-0.44,-0.3,0.91,1.46,-10.74,-10.93
-0.44,-0.3,0.9,1.89,-7.02,-10.86
-0.44,-0.29,0.9,2.5,-4.58,-10.38
-0.44,-0.28,0.88,3.66,-4.27,-8.79
-0.43,-0.28,0.86,4.88,-4.33,-7.69
-0.43,-0.27,0.82,6.41,-2.69,-5.92
-0.43,-0.28,0.8,7.63,-0.79,-4.76
-0.43,-0.3,0.78,8.36,0.61,-3.6
-0.43,-0.3,0.78,8.3,1.83,-3.97
-0.42,-0.31,0.79,8.48,2.14,-3.42
-0.41,-0.31,0.81,8.12,1.16,-4.39
-0.42,-0.31,0.82,8.0,0.55,-5.43
-0.42,-0.31,0.82,7.63,0.12,-6.77
-0.42,-0.32,0.82,7.2,0.49,-7.63
-0.41,-0.32,0.82,6.65,0.55,-9.03
-0.41,-0.32,0.83,6.04,0.31,-9.83
-0.41,-0.31,0.84,5.8,-0.61,-10.56
-0.42,-0.31,0.84,5.74,-1.89,-11.29
-0.42,-0.3,0.86,5.98,-2.2,-11.9
-0.42,-0.3,0.87,6.47,-3.36,-12.94
-0.43,-0.29,0.87,6.77,-3.72,-13.37
-0.44,-0.29,0.87,7.45,-4.27,-14.1
-0.44,-0.28,0.88,7.75,-4.46,-14.4
-0.45,-0.27,0.88,8.3,-4.39,-14.59
-0.46,-0.27,0.88,8.73,-3.05,-14.59
-0.46,-0.28,0.87,8.73,-2.26,-14.53
-0.45,-0.28,0.88,9.09,-2.2,-14.4
-0.45,-0.29,0.89,9.16,-3.42,-14.53
-0.46,-0.29,0.9,9.89,-4.7,-14.59
-0.46,-0.28,0.9,10.68,-4.76,-14.22
-0.46,-0.29,0.9,11.66,-4.52,-13.98
-0.46,-0.29,0.89,12.82,-2.75,-13.61
-0.47,-0.3,0.89,13.43,-1.53,-13.43
-0.46,-0.31,0.9,13.24,-2.01,-12.82
-0.47,-0.32,0.91,12.76,-2.5,-12.57
-0.46,-0.31,0.91,12.15,-2.81,-11.78
-0.46,-0.3,0.91,11.84,-2.5,-11.05
-0.45,-0.3,0.9,11.17,-1.4,-10.31
-0.44,-0.3,0.9,10.38,-0.61,-10.07
-0.42,-0.3,0.9,9.34,-1.4,-9.4
-0.4,-0.29,0.93,9.03,-4.27,-9.28
-0.41,-0.29,0.96,8.36,-6.84,-9.09
-0.39,-0.29,0.97,9.09,-10.13,-8.61
-0.41,-0.29,0.96,8.97,-12.15,-9.22
-0.41,-0.3,0.95,9.34,-13.24,-9.22
-0.4,-0.3,0.93,9.4,-15.01,-9.4
-0.43,-0.31,0.91,9.34,-12.88,-9.03
-0.42,-0.31,0.9,9.64,-9.28,-8.54
-0.41,-0.32,0.89,9.64,-6.41,-7.45
-0.39,-0.32,0.87,9.58,-4.15,-6.23
-0.37,-0.33,0.85,9.89,-4.09,-5.13
-0.36,-0.33,0.81,9.83,-3.97,-4.09
-0.36,-0.33,0.79,9.7,-1.16,-2.2
-0.34,-0.33,0.77,9.22,0.73,-0.85
-0.33,-0.33,0.75,8.91,3.48,0.18
-0.31,-0.33,0.75,8.48,7.69,1.71
-0.3,-0.33,0.76,8.54,9.58,2.62
-0.27,-0.33,0.75,8.61,9.83,3.72
-0.25,-0.32,0.75,9.09,9.22,5.74
-0.25,-0.31,0.77,9.7,8.12,7.45
-0.27,-0.31,0.78,9.46,8.97,7.75
-0.27,-0.33,0.79,8.24,10.86,7.69
-0.26,-0.34,0.8,6.59,10.56,6.53
-0.27,-0.34,0.81,4.58,9.46,4.94
-0.28,-0.35,0.81,0.73,6.04,2.44
-0.28,-0.35,0.8,-1.77,2.69,0.79
-0.3,-0.36,0.79,-4.03,-0.85,-1.16
-0.31,-0.36,0.79,-6.96,-5.86,-3.05
-0.32,-0.36,0.78,-8.06,-8.42,-3.85
-0.33,-0.36,0.78,-9.09,-10.68,-4.09
-0.35,-0.35,0.79,-8.85,-10.5,-3.85
-0.35,-0.34,0.8,-7.02,-10.31,-2.93
-0.36,-0.34,0.81,-5.07,-10.5,-2.26
-0.38,-0.32,0.8,-1.95,-9.83,-1.34
-0.39,-0.33,0.79,0.31,-8.36,-0.98
-0.41,-0.32,0.79,2.5,-4.88,-0.49
-0.41,-0.32,0.8,3.72,-2.2,-0.92
-0.4,-0.35,0.8,4.82,-0.37,-0.24
-0.39,-0.36,0.8,5.13,0.85,-0.37
-0.39,-0.37,0.81,4.88,0.37,0.12
-0.38,-0.37,0.82,4.58,-1.46,1.65
-0.37,-0.37,0.82,3.78,-2.99,2.62
-0.37,-0.37,0.82,2.81,-4.21,3.85
-0.37,-0.37,0.83,1.53,-4.27,4.7
-0.38,-0.37,0.85,0.67,-3.72,4.76
-0.38,-0.37,0.88,-0.73,-3.36,4.09
-0.38,-0.38,0.9,-1.4,-3.11,2.69
-0.38,-0.39,0.93,-2.99,-4.82,0.85
-0.38,-0.39,0.94,-4.46,-7.14,-0.06
-0.39,-0.38,0.96,-6.29,-8.79,0.06
-0.41,-0.36,0.97,-8.42,-8.36,-0.06
-0.43,-0.35,1.0,-8.48,-7.63,-0.85
-0.48,-0.35,1.02,-8.3,-8.3,-1.22
-0.51,-0.35,1.02,-8.18,-6.1,-0.85
-0.49,-0.33,1.02,-8.48,-2.08,0.0
-0.47,-0.32,1.01,-9.34,-1.65,0.85
-0.45,-0.29,0.99,-10.19,-2.69,2.56
-0.43,-0.25,0.96,-11.78,-5.25,4.82
-0.42,-0.24,0.94,-12.21,-6.65,6.96
-0.41,-0.22,0.91,-12.45,-7.02,9.58
-0.38,-0.21,0.9,-10.74,-5.25,13.67
-0.36,-0.19,0.89,-9.09,-4.46,16.54
-0.34,-0.18,0.89,-5.74,-4.58,18.98
-0.34,-0.18,0.88,-3.48,-3.72,19.41
-0.34,-0.21,0.85,-0.73,-0.92,18.86
-0.35,-0.23,0.84,0.06,1.71,17.58
-0.36,-0.25,0.83,0.67,4.7,15.81
-0.37,-0.27,0.85,0.18,8.42,14.16
-0.37,-0.28,0.86,-0.92,8.0,12.63
-0.38,-0.31,0.87,-2.26,6.1,11.11
-0.38,-0.33,0.87,-5.0,2.75,9.52
-0.38,-0.34,0.86,-6.9,0.06,8.36
-0.38,-0.33,0.85,-8.3,-3.23,7.75
-0.39,-0.32,0.83,-10.07,-6.84,6.65
-0.4,-0.31,0.81,-10.38,-8.06,5.86
-0.42,-0.29,0.8,-10.86,-8.06,5.13
-0.42,-0.28,0.8,-10.44,-8.0,4.52
-0.4,-0.26,0.78,-9.22,-7.81,4.52
-0.4,-0.25,0.78,-6.9,-8.61,5.43
-0.41,-0.24,0.75,-4.76,-8.42,5.92
-0.41,-0.23,0.73,-2.01,-7.2,7.14
-0.4,-0.24,0.71,-0.73,-5.49,7.51
-0.4,-0.23,0.7,0.61,-2.93,7.93
-0.42,-0.23,0.7,1.65,0.43,7.32
-0.43,-0.24,0.69,2.2,5.25,6.84
-0.42,-0.24,0.7,3.36,13.24,5.31
-0.4,-0.25,0.72,4.09,16.48,4.58
-0.38,-0.26,0.75,4.58,15.87,4.15
-0.37,-0.26,0.76,5.0,12.21,4.21
-0.38,-0.26,0.76,5.62,7.75,4.39
-0.39,-0.27,0.76,6.1,3.17,4.39
-0.42,-0.27,0.76,6.1,3.3,3.91
-0.45,-0.28,0.81,6.04,5.86,2.99
-0.45,-0.29,0.84,6.16,6.96,2.08
-0.45,-0.31,0.86,6.29,7.08,0.98
-0.45,-0.33,0.88,5.25,6.77,-0.73
-0.46,-0.34,0.89,4.09,7.08,-1.83
-0.47,-0.36,0.93,2.2,7.69,-3.85
-0.47,-0.37,0.96,1.04,7.32,-5.13
-0.46,-0.36,1.0,0.31,5.55,-6.41
-0.46,-0.35,1.0,0.98,4.82,-6.23
-0.45,-0.35,1.0,2.2,6.29,-4.94
-0.44,-0.34,1.0,4.09,8.54,-2.75
-0.44,-0.35,1.01,5.0,10.01,-1.04
-0.41,-0.35,1.06,4.52,10.56,1.65
-0.38,-0.35,1.1,1.04,4.58,3.66
-0.36,-0.34,1.1,-2.81,-2.99,3.17
-0.36,-0.34,1.09,-5.25,-8.06,1.95
-0.35,-0.33,1.04,-8.54,-13.06,0.31
-0.34,-0.33,1.0,-10.01,-14.16,-1.16
-0.33,-0.32,0.95,-10.62,-13.24,-2.69
-0.33,-0.32,0.92,-10.13,-11.72,-2.87
-0.31,-0.32,0.88,-8.18,-8.79,-3.36
-0.3,-0.34,0.83,-5.8,-5.8,-2.93
-0.3,-0.34,0.79,-3.78,-3.36,-1.71
-0.29,-0.34,0.76,-1.04,0.0,0.49
-0.29,-0.34,0.75,0.67,2.08,1.53
-0.29,-0.33,0.75,1.71,3.54,2.62
-0.27,-0.33,0.76,3.36,4.39,5.25
-0.26,-0.31,0.75,4.52,4.94,6.65
-0.29,-0.29,0.74,5.43,5.98,7.08
-0.32,-0.3,0.73,4.94,11.05,6.35
-0.33,-0.3,0.72,2.5,14.71,4.94
-0.31,-0.32,0.75,-3.05,15.26,2.44
-0.32,-0.32,0.81,-6.9,12.82,0.79
-0.33,-0.33,0.87,-11.17,6.71,-1.34
-0.35,-0.34,0.88,-12.7,3.72,-2.81
-0.35,-0.33,0.87,-13.98,2.44,-2.99
-0.34,-0.33,0.87,-15.2,-1.1,-1.71
-0.33,-0.32,0.85,-14.71,-3.72,-0.24
-0.33,-0.29,0.85,-11.72,-4.39,3.36
-0.33,-0.28,0.86,-8.54,-4.46,5.0
-0.34,-0.25,0.83,-2.62,-2.14,6.16
-0.34,-0.26,0.8,0.61,0.43,6.1
-0.33,-0.27,0.78,2.87,3.78,6.23
-0.32,-0.28,0.78,4.58,8.36,5.55
-0.31,-0.28,0.78,4.7,10.07,5.49
-0.32,-0.3,0.78,3.91,11.72,6.71
-0.3,-0.3,0.79,2.81,10.62,7.75
-0.29,-0.3,0.8,0.79,5.68,9.64
-0.28,-0.29,0.82,-0.61,-0.49,11.29
-0.3,-0.27,0.84,-2.32,-6.59,12.7
-0.3,-0.26,0.86,-4.52,-12.15,13.98
-0.3,-0.25,0.86,-5.55,-14.22,14.71
-0.3,-0.25,0.87,-7.39,-15.62,16.6
-0.3,-0.25,0.89,-8.61,-16.85,17.94
-0.3,-0.24,0.92,-9.58,-21.18,19.9
-0.32,-0.23,0.94,-9.77,-24.35,21.06
-0.34,-0.23,0.95,-9.03,-24.11,22.16
-0.36,-0.24,0.94,-8.06,-20.08,23.44
-0.41,-0.27,0.95,-6.29,-10.62,25.57
-0.43,-0.28,0.99,-5.31,-4.27,26.31
-0.45,-0.32,1.06,-5.07,-2.14,25.45
-0.47,-0.35,1.1,-6.41,-4.09,23.38
-0.45,-0.36,1.12,-8.61,-6.96,22.77
-0.44,-0.34,1.12,-12.33,-14.95,21.85
-0.46,-0.32,1.09,-14.04,-19.41,21.0
-0.5,-0.29,1.03,-15.32,-18.8,20.69
-0.49,-0.28,0.99,-15.26,-14.95,21.48
-0.43,-0.26,0.95,-14.53,-9.77,23.99
-0.41,-0.25,0.93,-12.63,-5.92,26.25
-0.38,-0.24,0.91,-9.34,-1.34,30.21
-0.35,-0.22,0.9,-7.45,0.61,32.17
-0.32,-0.21,0.9,-5.49,1.1,32.96
-0.32,-0.21,0.9,-4.82,0.92,32.9
-0.31,-0.22,0.88,-4.7,1.4,32.04
-0.31,-0.23,0.88,-5.43,2.01,29.91
-0.31,-0.23,0.87,-6.71,1.53,27.77
-0.32,-0.24,0.88,-9.7,-0.92,24.05
-0.33,-0.24,0.87,-11.9,-2.93,22.34
-0.33,-0.23,0.86,-14.59,-7.81,20.75
-0.34,-0.22,0.85,-15.81,-11.66,20.32
-0.36,-0.21,0.82,-16.24,-14.59,19.9
-0.37,-0.2,0.8,-15.69,-16.78,20.26
-0.38,-0.19,0.78,-14.47,-16.3,20.75
-0.39,-0.18,0.75,-12.08,-12.7,21.61
-0.4,-0.18,0.75,-10.13,-8.3,22.34
-0.38,-0.16,0.74,-6.41,-3.36,23.07
-0.38,-0.17,0.73,-4.27,-1.59,23.56
-0.38,-0.18,0.71,-2.26,1.04,23.93
-0.38,-0.2,0.71,-1.59,2.69,23.62
-0.37,-0.21,0.73,-1.83,3.3,22.46
-0.37,-0.22,0.74,-2.69,3.54,21.12
-0.37,-0.22,0.74,-3.6,2.62,19.41
-0.37,-0.23,0.76,-5.0,0.06,16.85
-0.38,-0.23,0.78,-5.55,-1.71,15.32
-0.38,-0.23,0.81,-5.31,-4.7,13.85
-0.37,-0.24,0.82,-4.21,-6.41,13.92
-0.41,-0.24,0.82,-2.93,-7.63,14.1
-0.43,-0.24,0.83,-1.83,-5.31,14.71
-0.43,-0.24,0.88,-0.43,-2.2,15.32
-0.41,-0.24,0.94,5.37,5.43,15.44
-0.38,-0.24,0.98,10.44,13.18,13.55
-0.37,-0.27,0.49,5.68,13.24,11.54
-0.68,-0.2,0.49,-2.01,37.48,12.7
-0.47,-0.26,0.67,-13.12,61.1,8.36
-0.21,-0.27,0.87,-20.81,41.87,9.7
-0.24,-0.27,0.92,-23.74,18.19,12.82
-0.27,-0.25,1.11,-20.87,-2.32,13.92
-0.26,-0.25,1.21,-17.52,-18.25,16.11
-0.29,-0.28,1.31,-9.89,-48.28,18.74
-0.4,-0.29,1.35,-4.82,-58.53,17.76
-0.54,-0.36,1.31,0.61,-49.74,21.0
-0.65,-0.32,1.26,2.87,-23.38,20.02
-0.54,-0.36,1.23,4.82,13.49,17.15
-0.48,-0.37,1.19,4.33,27.28,16.36
-0.36,-0.35,1.13,2.93,34.12,16.54
-0.29,-0.35,1.08,1.46,25.63,18.01
-0.24,-0.34,0.98,0.24,14.1,19.23
-0.22,-0.33,0.92,-0.98,-3.05,21.3
-0.22,-0.33,0.86,-1.65,-10.38,23.13
-0.22,-0.32,0.8,-1.89,-12.21,25.09
-0.22,-0.31,0.78,-2.01,-9.09,25.94
-0.21,-0.3,0.75,-2.38,-2.56,26.55
-0.2,-0.31,0.74,-2.93,1.28,26.98
-0.18,-0.29,0.72,-5.68,5.37,27.71
-0.17,-0.29,0.73,-7.02,5.86,26.67
-0.17,-0.28,0.76,-8.06,3.91,25.94
-0.17,-0.29,0.78,-10.93,0.31,24.6
-0.21,-0.3,0.79,-13.06,-1.59,22.89
-0.22,-0.31,0.82,-17.82,-2.44,21.61
-0.24,-0.31,0.85,-19.47,-5.25,19.47
-0.27,-0.29,0.86,-21.24,-5.74,16.54
-0.27,-0.3,0.87,-21.91,-6.35,16.17
-0.27,-0.29,0.87,-21.61,-7.14,15.56
-0.26,-0.28,0.86,-19.96,-6.65,16.17
-0.26,-0.29,0.84,-18.01,-6.9,17.15
-0.28,-0.28,0.82,-14.4,-6.41,18.68
-0.29,-0.29,0.81,-11.84,-5.31,19.65
-0.29,-0.29,0.81,-8.73,-4.88,20.81
-0.3,-0.29,0.82,-7.45,-4.94,21.79
-0.29,-0.29,0.83,-6.23,-5.92,22.95
-0.29,-0.29,0.82,-6.04,-6.77,23.44
-0.3,-0.29,0.83,-6.16,-8.12,23.62
-0.29,-0.29,0.84,-6.84,-11.47,24.05
-0.3,-0.29,0.84,-7.45,-13.73,24.11
-0.29,-0.28,0.86,-8.67,-16.91,24.6
-0.31,-0.28,0.87,-9.22,-18.68,24.41
-0.31,-0.28,0.87,-9.46,-22.03,24.9
-0.31,-0.28,0.86,-9.83,-21.79,25.33
-0.31,-0.28,0.87,-10.07,-18.8,25.45
-0.31,-0.28,0.89,-10.62,-16.66,25.39
-0.33,-0.28,0.92,-10.93,-15.69,25.51
-0.32,-0.27,0.95,-10.25,-16.36,25.15
-0.32,-0.27,0.96,-9.52,-18.55,25.09
-0.32,-0.28,0.95,-8.61,-21.55,25.33
-0.33,-0.28,0.94,-8.12,-23.19,25.33
-0.35,-0.29,0.95,-7.69,-24.6,26.73
-0.35,-0.29,0.97,-7.45,-24.66,28.14
-0.37,-0.29,0.99,-6.16,-24.35,30.7
-0.39,-0.3,0.99,-5.98,-22.58,32.47
-0.41,-0.32,1.0,-7.63,-19.35,33.26
-0.41,-0.33,1.02,-9.83,-17.58,33.26
-0.42,-0.33,1.05,-14.22,-17.03,32.71
-0.41,-0.32,1.06,-17.88,-17.7,31.56
-0.38,-0.29,1.06,-21.0,-19.96,30.64
-0.37,-0.27,1.04,-24.29,-23.68,31.07
-0.36,-0.26,1.01,-25.45,-24.96,32.29
-0.34,-0.24,0.97,-25.63,-25.45,35.4
-0.33,-0.22,0.95,-23.8,-23.32,37.78
-0.33,-0.2,0.92,-19.59,-16.97,41.32
-0.32,-0.19,0.91,-16.85,-13.31,42.36
-0.31,-0.2,0.9,-12.63,-10.19,42.66
-0.31,-0.22,0.88,-10.62,-7.57,42.05
-0.31,-0.25,0.85,-9.77,-5.0,40.59
-0.31,-0.26,0.83,-10.56,-1.53,37.72
-0.31,-0.27,0.83,-12.02,-0.55,36.19
-0.31,-0.27,0.83,-15.2,-3.6,34.3
-0.32,-0.27,0.84,-17.58,-7.39,33.14
-0.32,-0.28,0.84,-19.84,-11.29,32.59
-0.33,-0.26,0.82,-23.44,-16.48,32.9
-0.34,-0.26,0.81,-24.54,-18.92,32.29
-0.35,-0.23,0.79,-25.21,-20.81,31.8
-0.37,-0.22,0.79,-25.27,-20.39,31.49
-0.37,-0.21,0.78,-23.93,-16.91,30.94
-0.37,-0.21,0.77,-22.64,-14.04,30.27
-0.37,-0.2,0.77,-19.65,-8.54,29.48
-0.35,-0.2,0.75,-15.44,-4.09,29.48
-0.36,-0.21,0.75,-12.94,-2.01,28.99
-0.36,-0.22,0.75,-11.84,-0.37,28.56
-0.35,-0.22,0.76,-10.62,1.22,27.71
-0.35,-0.23,0.76,-10.31,1.46,26.73
-0.35,-0.23,0.79,-10.31,0.92,25.27
-0.35,-0.23,0.8,-9.83,-0.92,23.32
-0.36,-0.24,0.82,-9.22,-2.75,21.61
-0.36,-0.25,0.83,-8.85,-5.13,18.92
-0.36,-0.25,0.85,-8.85,-6.23,17.64
-0.36,-0.25,0.86,-8.61,-7.51,16.6
-0.39,-0.26,0.89,-7.63,-9.7,15.5
-0.4,-0.26,0.91,-6.47,-9.4,15.38
-0.39,-0.26,0.94,-5.37,-9.22,15.5
-0.4,-0.27,0.96,-3.36,-9.83,14.16
-0.41,-0.26,0.98,-2.5,-9.64,13.73
-0.41,-0.27,1.0,-2.2,-10.86,12.45
-0.41,-0.27,1.01,-1.95,-10.93,11.47
-0.41,-0.28,1.0,-1.71,-9.83,11.6
-0.42,-0.28,0.98,-0.85,-5.92,13.06
-0.43,-0.28,0.98,-0.43,-2.38,14.47
-0.43,-0.28,1.0,-1.34,0.98,14.34
-0.44,-0.29,1.02,-2.93,2.01,13.98
-0.42,-0.31,1.06,-5.98,1.89,13.67
-0.4,-0.31,1.11,-11.72,-3.17,10.99
-0.38,-0.31,1.13,-15.56,-10.25,9.28
-0.38,-0.3,1.09,-18.8,-17.21,8.12
-0.4,-0.29,1.04,-21.55,-23.01,6.77
-0.4,-0.27,1.0,-22.34,-23.8,6.9
-0.4,-0.27,0.95,-21.67,-20.32,7.51
-0.38,-0.26,0.92,-19.9,-15.44,8.91
-0.34,-0.25,0.89,-17.58,-12.88,10.68
-0.33,-0.26,0.84,-13.43,-9.95,12.57
-0.33,-0.26,0.83,-10.19,-6.29,14.59
-0.3,-0.27,0.8,-7.32,-3.6,16.3
-0.3,-0.28,0.79,-3.05,-1.22,17.94
-0.29,-0.27,0.77,-1.95,-0.06,19.78
-0.29,-0.27,0.76,-0.31,2.08,19.84
-0.29,-0.26,0.76,0.79,7.81,19.84
-0.3,-0.26,0.77,1.16,11.84,19.1
-0.29,-0.27,0.77,-1.83,13.0,17.09
-0.3,-0.28,0.77,-4.21,12.45,15.08
-0.32,-0.28,0.79,-7.2,12.27,13.06
-0.3,-0.29,0.81,-13.37,10.93,10.99
-0.31,-0.28,0.83,-15.87,6.1,9.34
-0.33,-0.26,0.84,-17.88,2.81,8.18
-0.34,-0.26,0.82,-20.87,-1.16,8.48
-0.35,-0.24,0.81,-21.79,-2.62,8.3
-0.35,-0.23,0.8,-22.03,-3.85,9.52
-0.35,-0.22,0.79,-21.0,-3.85,10.44
-0.35,-0.22,0.79,-18.68,-0.43,11.41
-0.34,-0.21,0.8,-16.54,1.04,12.02
-0.34,-0.2,0.82,-14.4,0.85,12.57
-0.34,-0.2,0.84,-10.68,0.79,13.73
-0.34,-0.2,0.84,-8.97,0.49,14.28
-0.33,-0.22,0.83,-7.2,-0.92,15.14
-0.33,-0.22,0.83,-6.53,-1.71,15.56
-0.33,-0.24,0.84,-6.16,-1.95,15.93
-0.33,-0.24,0.86,-5.74,-2.93,16.11
-0.33,-0.24,0.87,-5.92,-4.09,16.3
-0.35,-0.25,0.88,-6.47,-5.19,16.11
-0.36,-0.25,0.9,-6.77,-5.31,16.05
-0.37,-0.24,0.92,-6.71,-4.46,15.81
-0.37,-0.23,0.95,-6.1,-5.19,15.2
-0.37,-0.24,0.95,-5.8,-7.63,15.44
-0.38,-0.24,0.95,-5.98,-10.38,16.36
-0.38,-0.25,0.96,-7.08,-12.33,17.88
-0.38,-0.24,0.98,-7.39,-13.0,19.04
-0.39,-0.24,1.01,-7.51,-11.9,21.48
-0.4,-0.23,1.02,-6.59,-7.39,22.71
-0.4,-0.23,1.05,-5.92,-3.23,23.38
-0.41,-0.26,1.07,-7.32,-1.83,23.38
-0.41,-0.27,1.09,-9.52,-1.59,22.95
-0.37,-0.26,1.13,-12.63,-2.81,22.34
-0.36,-0.23,1.15,-17.82,-9.09,20.26
-0.37,-0.22,1.15,-20.69,-13.43,18.07
-0.36,-0.19,1.13,-23.68,-18.13,17.15
-0.35,-0.18,1.11,-24.17,-20.81,17.76
-0.35,-0.16,1.06,-23.38,-22.22,19.65
-0.36,-0.15,1.02,-18.8,-19.41,23.38
-0.35,-0.13,0.97,-14.53,-15.01,27.4
-0.33,-0.12,0.9,-8.42,-9.28,30.64
-0.33,-0.12,0.87,-4.88,-4.52,31.8
-0.31,-0.14,0.85,-2.08,-0.31,32.47
-0.3,-0.17,0.85,1.04,4.58,30.33
-0.29,-0.18,0.85,1.95,7.26,28.75
-0.3,-0.19,0.84,1.95,9.77,25.7
-0.3,-0.22,0.81,-3.66,6.35,21.24
-0.31,-0.22,0.81,-6.9,2.62,20.2
-0.32,-0.21,0.82,-9.46,-0.98,19.59
-0.33,-0.2,0.81,-13.24,-4.7,19.71
-0.34,-0.18,0.81,-15.38,-6.9,20.08
-0.34,-0.15,0.82,-16.48,-8.67,20.87
-0.34,-0.13,0.83,-15.81,-9.03,21.61
-0.35,-0.13,0.82,-13.0,-9.77,22.4
-0.35,-0.12,0.81,-10.62,-8.91,23.68
-0.35,-0.11,0.79,-8.48,-7.93,24.35
-0.37,-0.11,0.79,-5.62,-4.39,24.35
-0.37,-0.12,0.79,-4.21,-1.22,24.29
-0.36,-0.14,0.8,-2.75,0.79,23.86
-0.35,-0.15,0.8,-2.26,0.37,23.32
-0.35,-0.17,0.79,-1.71,-2.08,22.58
-0.35,-0.17,0.78,-1.53,-4.03,22.4
-0.36,-0.17,0.78,-1.65,-5.13,21.91
-0.37,-0.18,0.78,-2.62,-5.25,20.75
-0.37,-0.19,0.79,-3.23,-5.37,19.84
-0.39,-0.2,0.84,-3.42,-5.8,18.98
-0.39,-0.2,0.88,-1.65,-6.71,17.46
-0.4,-0.2,0.91,1.04,-5.62,17.09
-0.41,-0.23,0.92,5.19,-1.53,17.46
-0.4,-0.25,0.92,6.16,0.85,17.21
-0.48,-0.25,0.62,0.49,4.46,16.72
-0.32,-0.32,0.77,-5.86,5.68,14.95
-0.34,-0.22,0.83,-12.45,-8.91,14.83
-0.34,-0.27,0.88,-15.62,-16.11,14.47
-0.36,-0.23,0.94,-17.7,-22.95,12.76
-0.38,-0.24,1.02,-16.97,-20.08,11.05
-0.38,-0.21,1.16,-10.31,-8.24,9.34
-0.4,-0.21,1.22,-4.27,1.4,9.52
-0.45,-0.23,1.21,2.69,15.5,10.38
-0.39,-0.25,1.21,4.52,17.09,9.16
-0.37,-0.29,1.23,3.48,9.52,9.64
-0.37,-0.29,1.23,-0.37,-5.62,9.34
-0.38,-0.29,1.19,-3.85,-15.87,8.42
-0.4,-0.28,1.08,-7.87,-22.28,7.14
-0.43,-0.29,1.0,-13.73,-21.61,6.29
-0.44,-0.28,0.93,-17.46,-16.48,6.1
-0.4,-0.26,0.91,-19.65,-12.33,7.02
-0.37,-0.25,0.9,-19.65,-10.68,9.34
-0.34,-0.25,0.89,-17.46,-11.35,10.31
-0.33,-0.24,0.85,-12.51,-11.05,13.98
-0.33,-0.24,0.82,-8.79,-8.73,15.81
-0.33,-0.25,0.8,-3.85,-1.71,18.31
-0.32,-0.24,0.78,-1.34,5.13,19.59
-0.29,-0.26,0.78,1.53,11.6,20.32
-0.27,-0.23,0.77,4.39,19.96,21.73
-0.25,-0.23,0.79,5.92,25.09,21.36
-0.22,-0.22,0.8,6.35,24.6,21.48
-0.2,-0.25,0.83,5.31,16.05,17.46
-0.2,-0.26,0.84,2.93,9.77,15.75
-0.24,-0.27,0.83,-0.43,4.27,13.61
-0.26,-0.27,0.82,-5.0,-0.67,9.77
-0.29,-0.26,0.82,-7.81,-2.01,7.87
-0.31,-0.26,0.82,-11.11,-3.05,6.47
-0.32,-0.25,0.82,-12.15,-3.48,6.29
-0.33,-0.24,0.82,-12.08,-3.42,6.29
-0.33,-0.24,0.8,-11.17,-3.6,7.45
-0.32,-0.23,0.79,-9.83,-3.6,8.36
-0.33,-0.23,0.78,-8.24,-2.87,9.28
-0.33,-0.22,0.79,-5.55,-1.16,10.44
-0.33,-0.22,0.8,-3.6,-1.04,11.11
-0.33,-0.23,0.82,-1.16,-1.65,11.29
-0.33,-0.24,0.81,-0.12,-2.26,11.6
-0.34,-0.24,0.8,0.49,-3.23,11.78
-0.34,-0.25,0.79,0.12,-4.27,13.0
-0.34,-0.26,0.8,-0.24,-4.76,13.73
-0.34,-0.26,0.84,-0.92,-5.86,14.4
-0.35,-0.26,0.88,-0.61,-8.61,15.81
-0.36,-0.26,0.89,-0.24,-9.64,16.6
-0.39,-0.26,0.89,-0.12,-7.93,16.6
-0.37,-0.28,0.9,-1.1,-3.97,17.15
-0.35,-0.29,0.92,-2.44,-4.52,16.24
-0.35,-0.29,0.98,-4.21,-6.77,13.98
-0.34,-0.29,1.01,-5.8,-10.5,13.24
-0.35,-0.28,1.03,-6.84,-15.5,12.02
-0.35,-0.27,1.02,-7.02,-20.94,11.78
-0.38,-0.25,1.0,-6.59,-21.61,12.63
-0.38,-0.24,1.01,-4.33,-18.74,14.83
-0.37,-0.23,1.03,-2.26,-16.85,17.03
-0.41,-0.22,1.04,1.1,-12.39,19.53
-0.43,-0.22,1.04,2.56,-8.3,20.69
-0.44,-0.24,1.04,3.05,-4.52,21.73
-0.41,-0.24,1.07,0.98,-3.54,21.55
-0.4,-0.25,1.09,-3.85,-9.09,19.78
-0.39,-0.25,1.06,-8.61,-14.77,19.59
-0.38,-0.23,1.01,-11.29,-17.88,20.08
-0.38,-0.2,0.98,-13.31,-18.55,21.42
-0.38,-0.18,0.95,-12.88,-16.11,23.19
-0.36,-0.17,0.92,-10.13,-11.6,25.63
-0.33,-0.17,0.9,-7.69,-8.42,26.0
-0.32,-0.18,0.86,-4.09,-3.36,26.98
-0.32,-0.18,0.84,-2.5,0.67,26.61
-0.3,-0.2,0.83,-1.83,4.03,25.57
-0.3,-0.21,0.82,-2.26,7.26,23.93
-0.31,-0.22,0.83,-3.54,8.36,23.13
-0.32,-0.22,0.83,-6.71,7.45,22.34
-0.32,-0.23,0.83,-9.83,5.55,21.73
-0.33,-0.22,0.83,-12.94,2.75,21.06
-0.33,-0.21,0.84,-17.15,-1.04,21.18
-0.32,-0.2,0.83,-19.17,-3.36,21.3
-0.34,-0.18,0.82,-20.26,-4.64,20.69
-0.34,-0.17,0.81,-20.26,-4.88,20.81
-0.34,-0.14,0.82,-18.49,-3.54,20.87
-0.33,-0.13,0.83,-16.3,-2.99,21.79
-0.34,-0.13,0.82,-12.39,-2.38,22.83
-0.34,-0.13,0.81,-10.01,-2.08,23.38
-0.35,-0.15,0.79,-8.42,-1.77,23.32
-0.36,-0.16,0.8,-6.47,-0.67,22.83
-0.35,-0.17,0.81,-5.68,-0.49,21.85
-0.36,-0.18,0.81,-4.39,-1.46,20.2
-0.37,-0.19,0.81,-3.85,-1.4,19.23
-0.37,-0.21,0.8,-3.72,-1.46,17.76
-0.38,-0.22,0.8,-3.97,-1.46,16.72
-0.38,-0.23,0.83,-4.03,-1.71,15.38
-0.38,-0.23,0.85,-4.15,-2.38,14.95
-0.38,-0.24,0.85,-3.42,-3.05,14.95
-0.38,-0.24,0.84,-2.93,-2.38,14.83
-0.38,-0.24,0.86,-1.77,-0.49,14.71
-0.37,-0.24,0.88,-1.22,0.61,14.28
-0.34,-0.24,0.92,-0.92,0.85,13.49
-0.33,-0.23,0.95,-0.73,-2.75,12.02
-0.33,-0.22,0.97,-0.85,-6.9,10.99
-0.34,-0.21,1.0,-0.37,-12.15,8.91
-0.35,-0.21,1.01,0.67,-12.7,7.63
-0.37,-0.21,1.02,2.01,-11.05,6.84
-0.38,-0.21,1.03,5.07,-6.1,6.9
-0.39,-0.21,1.03,6.9,-2.26,7.14
-0.41,-0.24,1.03,8.3,2.99,6.77
-0.41,-0.26,1.03,6.96,4.21,5.74
-0.41,-0.3,1.06,4.21,4.15,4.39
-0.39,-0.31,1.07,-1.04,-0.31,2.32
-0.38,-0.32,1.07,-5.0,-5.98,1.1
-0.39,-0.31,1.03,-9.89,-12.39,0.37
-0.38,-0.3,1.01,-12.39,-15.2,1.04
-0.38,-0.28,0.99,-14.22,-17.15,3.54
-0.37,-0.27,0.97,-14.04,-16.42,5.55
-0.34,-0.25,0.94,-13.0,-15.87,7.81
-0.33,-0.24,0.92,-10.44,-15.93,9.89
-0.32,-0.24,0.9,-8.48,-15.44,11.41
-0.32,-0.24,0.86,-5.07,-12.15,13.06
-0.31,-0.22,0.84,-3.85,-8.85,13.98
-0.31,-0.24,0.83,-2.01,-4.39,14.34
-0.3,-0.24,0.81,-1.59,-1.4,15.2
-0.3,-0.23,0.81,-1.28,1.34,15.75
-0.29,-0.24,0.8,-1.77,3.23,15.5
-0.29,-0.26,0.79,-2.38,3.05,14.1
-0.3,-0.25,0.79,-4.03,3.11,12.76
-0.3,-0.26,0.8,-5.74,3.3,12.27
-0.3,-0.26,0.8,-7.51,2.08,10.5
-0.3,-0.25,0.8,-8.18,1.04,9.83
-0.31,-0.24,0.79,-9.22,-0.79,9.95
-0.32,-0.24,0.79,-8.61,-1.46,10.44
-0.33,-0.22,0.78,-7.08,0.12,11.72
-0.33,-0.21,0.78,-5.37,2.14,12.63
-0.32,-0.21,0.79,-3.36,4.33,13.92
-0.32,-0.22,0.8,-0.92,6.1,15.69
-0.31,-0.22,0.8,0.43,6.59,16.66
-0.31,-0.22,0.82,1.4,5.19,17.82
-0.31,-0.22,0.84,1.34,3.3,18.19
-0.32,-0.22,0.84,0.55,1.4,18.8
-0.32,-0.22,0.84,-0.98,-0.98,20.32
-0.33,-0.23,0.85,-2.01,-2.32,21.24
-0.34,-0.23,0.86,-3.85,-3.78,22.03
-0.34,-0.24,0.87,-5.49,-5.0,22.16
-0.34,-0.25,0.88,-8.12,-7.2,22.03
-0.34,-0.25,0.9,-9.7,-9.03,22.22
-0.35,-0.24,0.92,-10.74,-12.08,22.89
-0.37,-0.24,0.93,-10.56,-13.18,24.11
-0.38,-0.24,0.93,-10.31,-13.31,25.33
-0.39,-0.24,0.96,-9.52,-13.24,27.1
-0.39,-0.24,0.96,-9.03,-13.12,28.26
-0.39,-0.23,0.96,-8.91,-13.43,29.36
-0.38,-0.24,0.97,-8.48,-13.12,31.43
-0.38,-0.24,0.99,-8.3,-12.7,33.57
-0.37,-0.24,1.02,-7.63,-10.62,36.62
-0.38,-0.25,1.05,-7.57,-10.44,38.51
-0.41,-0.28,1.07,-9.52,-9.16,39.79
-0.41,-0.28,1.09,-12.21,-8.24,40.22
-0.39,-0.27,1.12,-15.5,-10.01,39.18
-0.39,-0.26,1.12,-21.61,-14.59,36.87
-0.36,-0.24,1.11,-25.02,-18.43,35.95
-0.36,-0.23,1.09,-28.69,-25.82,34.3
-0.36,-0.22,1.05,-29.6,-28.26,34.42
-0.35,-0.19,0.99,-27.65,-27.47,36.87
-0.34,-0.17,0.96,-24.41,-24.41,39.67
-0.34,-0.16,0.91,-18.49,-17.46,43.09
-0.33,-0.16,0.89,-14.28,-11.41,44.68
-0.29,-0.17,0.87,-9.16,-4.64,46.57
-0.28,-0.19,0.87,-6.53,-2.01,45.65
-0.27,-0.2,0.86,-5.0,1.04,45.04
-0.27,-0.21,0.85,-4.88,1.34,43.46
-0.29,-0.22,0.86,-6.16,0.73,41.5
-0.3,-0.22,0.86,-10.07,-0.79,39.12
-0.32,-0.23,0.86,-12.76,-3.05,37.11
-0.32,-0.21,0.86,-16.54,-6.1,35.83
-0.32,-0.2,0.85,-18.86,-9.09,36.07
-0.34,-0.19,0.83,-21.06,-12.82,35.77
-0.35,-0.17,0.82,-21.79,-13.49,36.74
-0.36,-0.15,0.82,-20.94,-12.57,37.54
-0.36,-0.14,0.82,-19.47,-11.54,38.27
-0.36,-0.13,0.82,-17.52,-10.19,39.31
-0.35,-0.13,0.82,-13.79,-8.48,40.16
-0.36,-0.14,0.81,-11.66,-7.93,40.89
-0.36,-0.14,0.81,-9.09,-7.57,41.44
-0.35,-0.15,0.81,-8.0,-7.32,41.38
-0.35,-0.17,0.82,-6.35,-6.35,41.14
-0.35,-0.18,0.85,-5.25,-5.25,40.41
-0.33,-0.2,0.9,-3.6,-4.58,39.55
-0.43,-0.23,0.67,-6.77,3.78,36.8
-0.38,-0.19,0.58,-10.8,12.57,34.61
-0.26,-0.23,0.64,-23.44,-7.87,32.17
-0.31,-0.25,0.67,-28.44,-17.64,31.07
-0.35,-0.23,0.74,-30.82,-22.52,29.97
-0.38,-0.22,0.88,-30.03,-27.77,29.79
-0.41,-0.22,0.99,-25.57,-28.63,30.4
-0.48,-0.22,1.11,-14.53,-20.81,31.74
-0.47,-0.22,1.15,-6.35,-11.96,32.04
-0.46,-0.25,1.12,0.73,-4.33,33.02
-0.41,-0.26,1.09,7.93,2.2,32.96
-0.39,-0.26,1.05,11.35,4.7,33.08
-0.37,-0.27,0.99,13.61,7.93,33.33
-0.34,-0.28,0.97,14.53,11.6,33.08
-0.32,-0.29,0.97,13.24,10.93,32.17
-0.32,-0.31,0.97,10.31,8.0,29.54
-0.33,-0.33,0.98,3.42,2.38,24.96
-0.32,-0.34,0.99,-2.32,-2.32,22.4
-0.31,-0.34,1.0,-8.12,-7.81,18.86
-0.32,-0.33,0.99,-16.72,-16.72,14.83
-0.35,-0.32,0.97,-21.18,-20.94,13.18
-0.37,-0.3,0.93,-25.45,-22.71,12.39
-0.37,-0.28,0.9,-26.43,-21.36,13.85
-0.35,-0.27,0.87,-26.06,-18.31,16.24
-0.33,-0.25,0.84,-23.93,-12.76,21.48
-0.32,-0.25,0.82,-21.67,-9.95,24.41
-0.31,-0.24,0.84,-17.7,-5.25,28.56
-0.28,-0.24,0.86,-15.44,-3.23,31.19
-0.26,-0.25,0.87,-12.82,-2.26,32.23
-0.26,-0.24,0.87,-10.86,-0.37,34.48
-0.26,-0.26,0.86,-9.77,1.22,34.85
-0.26,-0.26,0.88,-8.42,3.78,34.73
-0.27,-0.25,0.87,-9.83,6.23,34.18
-0.28,-0.28,0.88,-11.35,6.84,32.65
-0.28,-0.29,0.89,-14.4,5.8,28.5
-0.28,-0.3,0.9,-17.64,3.42,26.55
-0.28,-0.31,0.91,-20.39,-0.49,24.66
-0.3,-0.3,0.9,-23.25,-6.1,22.4
-0.31,-0.3,0.88,-23.99,-8.24,21.85
-0.33,-0.28,0.85,-23.56,-8.97,22.52
-0.33,-0.27,0.83,-22.34,-8.06,23.32
-0.32,-0.25,0.82,-18.74,-5.74,24.96
-0.32,-0.24,0.81,-15.93,-4.09,26.49
-0.31,-0.24,0.81,-13.18,-2.69,27.34
-0.29,-0.23,0.81,-9.46,-1.65,28.44
-0.29,-0.22,0.81,-7.2,-1.16,28.81
-0.29,-0.23,0.82,-5.43,-1.22,29.42
-0.3,-0.25,0.82,-5.49,-0.61,29.05
-0.29,-0.26,0.83,-7.02,-1.1,29.72
-0.29,-0.26,0.85,-8.42,-2.99,29.79
-0.31,-0.25,0.9,-9.77,-5.31,29.66
-0.31,-0.25,0.92,-11.17,-9.46,30.09
-0.32,-0.24,0.93,-11.47,-12.15,30.64
-0.33,-0.24,0.93,-10.99,-12.82,31.68
-0.33,-0.24,0.93,-10.74,-12.51,32.47
-0.33,-0.24,0.95,-10.44,-12.39,33.08
-0.31,-0.23,0.97,-9.95,-14.04,34.55
-0.29,-0.23,0.99,-9.28,-16.24,35.71
-0.28,-0.21,0.99,-7.93,-21.3,37.23
-0.28,-0.21,0.99,-6.77,-22.52,37.84
-0.29,-0.21,0.98,-5.55,-21.55,39.49
-0.3,-0.22,0.99,-3.48,-16.72,41.02
-0.33,-0.21,1.0,-2.75,-13.24,40.77
-0.39,-0.25,1.0,-2.62,-9.09,39.79
-0.37,-0.27,1.01,-4.94,-2.81,39.0
-0.35,-0.29,1.03,-7.81,-2.69,37.29
-0.37,-0.28,1.04,-13.67,-6.23,35.34
-0.38,-0.28,1.05,-17.33,-8.91,34.61
-0.37,-0.26,1.01,-22.22,-12.94,34.79
-0.37,-0.24,1.0,-24.48,-15.08,35.95
-0.34,-0.21,0.98,-25.45,-16.72,39.06
-0.32,-0.18,0.96,-24.48,-17.21,41.56
-0.32,-0.17,0.94,-22.16,-16.66,44.25
-0.29,-0.14,0.91,-18.07,-13.92,48.1
-0.29,-0.14,0.9,-14.65,-9.89,49.26
-0.26,-0.13,0.9,-9.7,-1.77,50.23
-0.24,-0.15,0.9,-7.2,1.83,50.05
-0.24,-0.16,0.91,-5.55,3.78,49.07
-0.22,-0.17,0.92,-4.94,3.72,47.67
-0.24,-0.18,0.93,-5.74,1.83,46.45
-0.26,-0.19,0.92,-7.39,-0.06,45.04
-0.28,-0.2,0.91,-10.99,-2.75,43.33
-0.28,-0.2,0.91,-13.67,-5.07,42.48
-0.3,-0.2,0.9,-17.76,-8.97,42.18
-0.31,-0.2,0.89,-20.08,-10.68,42.24
-0.32,-0.19,0.88,-22.64,-13.24,42.79
-0.32,-0.18,0.88,-23.44,-14.47,42.97
-0.32,-0.18,0.89,-22.71,-15.56,43.09
-0.32,-0.17,0.88,-21.24,-16.3,43.7
-0.33,-0.17,0.86,-19.65,-16.6,43.82
-0.34,-0.17,0.85,-16.97,-15.38,43.4
-0.35,-0.18,0.83,-15.44,-13.73,43.58
-0.34,-0.2,0.82,-13.43,-11.78,42.91
-0.33,-0.21,0.83,-12.51,-11.84,42.66
-0.33,-0.21,0.82,-12.08,-12.82,42.18
-0.33,-0.21,0.82,-11.29,-14.71,41.26
-0.34,-0.21,0.81,-11.17,-15.44,40.22
-0.34,-0.21,0.82,-11.47,-15.81,38.45
-0.34,-0.21,0.83,-11.54,-15.56,36.87
-0.35,-0.21,0.84,-11.29,-15.01,35.22
-0.35,-0.21,0.85,-10.99,-14.22,33.51
-0.37,-0.21,0.85,-10.68,-13.06,32.59
-0.38,-0.22,0.86,-10.62,-11.9,31.43
-0.38,-0.23,0.89,-10.13,-10.74,29.66
-0.38,-0.23,0.93,-9.46,-11.23,28.69
-0.37,-0.23,0.95,-8.24,-14.53,27.83
-0.37,-0.24,0.96,-7.69,-16.66,27.65
-0.38,-0.24,0.96,-7.2,-18.13,27.1
-0.38,-0.25,0.96,-6.59,-18.62,26.0
-0.37,-0.26,0.96,-6.23,-18.07,24.6
-0.36,-0.27,0.96,-5.31,-16.3,23.13
-0.36,-0.27,0.96,-4.76,-13.98,22.4
-0.36,-0.26,0.96,-3.36,-8.97,21.42
-0.37,-0.26,0.97,-3.05,-5.37,20.75
-0.38,-0.29,0.98,-4.46,-1.34,17.88
-0.36,-0.31,1.0,-7.08,-0.61,15.69
-0.34,-0.31,1.04,-10.56,-2.93,13.79
-0.35,-0.31,1.04,-15.87,-9.28,10.8
-0.36,-0.31,1.02,-18.86,-13.06,9.28
-0.37,-0.29,0.97,-22.46,-15.62,8.79
-0.37,-0.28,0.95,-23.74,-16.24,9.77
-0.36,-0.26,0.93,-22.83,-14.4,13.18
-0.33,-0.24,0.91,-20.94,-12.15,16.66
-0.3,-0.24,0.87,-18.62,-10.86,19.41
-0.29,-0.23,0.86,-14.59,-8.12,23.44
-0.28,-0.24,0.86,-11.66,-5.55,25.94
-0.27,-0.25,0.85,-8.12,-2.44,28.26
-0.26,-0.26,0.85,-6.04,-0.37,28.93
-0.26,-0.26,0.84,-3.91,2.38,30.03
-0.27,-0.25,0.85,-3.66,4.76,30.09
-0.28,-0.25,0.85,-4.27,5.8,28.81
-0.29,-0.27,0.85,-5.55,5.98,26.0
-0.29,-0.27,0.87,-8.42,5.13,24.29
-0.3,-0.28,0.88,-13.43,1.77,21.48
-0.31,-0.28,0.88,-15.99,-1.34,19.53
-0.32,-0.27,0.86,-19.17,-5.86,17.7
-0.34,-0.27,0.84,-20.26,-7.51,17.4
-0.35,-0.25,0.83,-20.02,-7.87,18.25
-0.35,-0.25,0.83,-18.8,-6.84,19.29
-0.32,-0.24,0.81,-15.44,-5.55,21.67
-0.31,-0.24,0.8,-12.7,-4.52,23.01
-0.3,-0.24,0.8,-8.54,-3.11,24.72
-0.3,-0.23,0.8,-6.35,-1.89,25.21
-0.3,-0.24,0.81,-3.78,-0.31,25.51
-0.29,-0.24,0.81,-1.4,1.34,25.27
-0.3,-0.26,0.81,-0.55,1.4,24.78
-0.3,-0.27,0.81,-1.1,1.83,24.54
-0.29,-0.29,0.84,-3.17,-0.24,22.4
-0.31,-0.29,0.88,-5.25,-2.87,21.06
-0.33,-0.29,0.93,-7.14,-5.55,19.65
-0.34,-0.29,0.94,-8.97,-7.93,17.76
-0.35,-0.29,0.92,-10.07,-9.64,16.78
-0.37,-0.29,0.91,-10.86,-8.85,15.08
-0.37,-0.3,0.92,-11.47,-8.36,15.14
-0.36,-0.3,0.95,-11.96,-9.58,14.04
-0.35,-0.3,0.97,-12.02,-11.72,14.16
-0.34,-0.29,0.97,-11.29,-16.78,15.01
-0.34,-0.28,0.98,-10.38,-19.9,15.56
-0.36,-0.27,0.97,-8.12,-21.73,17.03
-0.36,-0.27,0.97,-5.92,-20.2,18.07
-0.36,-0.27,0.97,-2.69,-14.89,20.51
-0.36,-0.26,0.98,-0.92,-10.5,22.16
-0.38,-0.25,1.0,0.55,-5.86,22.95
-0.39,-0.27,1.03,0.12,-1.28,23.07
-0.38,-0.28,1.05,-2.38,-0.37,21.42
-0.34,-0.28,1.1,-7.87,-4.52,19.35
-0.34,-0.26,1.1,-11.9,-10.44,18.19
-0.37,-0.24,1.06,-16.72,-17.88,17.21
-0.37,-0.23,1.02,-18.92,-20.45,17.64
-0.37,-0.21,0.97,-20.75,-21.67,18.8
-0.36,-0.21,0.95,-20.81,-20.51,21.06
-0.35,-0.19,0.93,-19.1,-18.13,23.74
-0.32,-0.19,0.88,-15.08,-14.83,25.45
-0.31,-0.19,0.85,-11.9,-11.96,26.12
-0.3,-0.2,0.83,-7.87,-6.53,27.16
-0.29,-0.21,0.82,-5.43,-3.6,25.88
-0.28,-0.23,0.82,-2.99,-0.43,23.93
-0.28,-0.24,0.82,-1.89,1.04,22.52
-0.29,-0.23,0.81,-1.65,3.36,20.94
-0.3,-0.24,0.81,-2.62,5.43,19.1
-0.32,-0.25,0.81,-4.21,5.68,16.42
-0.32,-0.25,0.83,-8.54,5.49,13.92
-0.32,-0.25,0.84,-11.35,3.17,12.63
-0.33,-0.23,0.85,-13.61,0.43,11.17
-0.34,-0.22,0.84,-15.93,-3.6,9.89
-0.37,-0.2,0.84,-16.42,-5.86,9.46
-0.39,-0.19,0.83,-15.38,-5.68,9.34
-0.39,-0.18,0.82,-14.04,-3.72,9.64
-0.39,-0.18,0.81,-10.93,-0.31,10.19
-0.39,-0.18,0.81,-8.54,1.34,10.44
-0.39,-0.18,0.81,-5.25,3.23,10.01
-0.38,-0.2,0.8,-3.3,3.72,9.83
-0.37,-0.22,0.8,-2.08,2.56,9.4
-0.36,-0.23,0.8,-0.55,0.98,8.06
-0.35,-0.23,0.8,-0.24,-0.67,7.81
-0.36,-0.24,0.8,0.61,-2.38,5.37
-0.35,-0.24,0.8,0.92,-2.87,4.09
-0.36,-0.24,0.82,2.08,-3.17,2.14
-0.37,-0.24,0.86,3.78,-3.78,0.43
-0.38,-0.21,0.95,8.36,-6.59,-1.28
-0.38,-0.2,1.01,13.06,-8.91,-2.38
-0.4,-0.21,1.03,18.62,-10.93,-2.5
-0.41,-0.26,0.92,24.29,-9.46,-1.89
-0.56,-0.23,0.56,21.61,-0.73,-0.55
-0.34,-0.36,0.62,10.38,6.1,-2.08
-0.39,-0.29,0.6,0.92,0.49,-0.67
-0.29,-0.32,0.78,-8.06,-2.5,-3.05
-0.33,-0.3,0.9,-12.02,-7.26,-3.78
-0.3,-0.26,1.04,-10.44,-8.54,-7.02
-0.31,-0.25,1.12,-5.8,-7.93,-8.0
-0.35,-0.21,1.17,4.52,-0.79,-10.31
-0.42,-0.23,1.14,10.74,8.97,-10.56
-0.38,-0.28,1.15,15.93,17.94,-14.16
-0.38,-0.31,1.16,15.69,18.74,-16.42
-0.38,-0.33,1.15,14.04,16.72,-18.19
-0.39,-0.34,1.12,10.19,9.4,-20.75
-0.4,-0.35,1.01,5.43,4.03,-22.77
-0.4,-0.35,0.95,0.79,0.61,-23.07
-0.39,-0.35,0.89,-1.53,-0.43,-22.03
-0.36,-0.35,0.85,-3.3,0.98,-18.8
-0.32,-0.34,0.83,-3.36,2.2,-16.36
-0.28,-0.32,0.8,-2.69,2.62,-12.94
-0.27,-0.31,0.78,-1.59,3.42,-10.38
-0.25,-0.29,0.79,0.79,5.0,-8.0
-0.23,-0.28,0.79,2.56,5.98,-7.02
-0.23,-0.27,0.79,5.13,8.85,-6.23
-0.21,-0.28,0.8,6.59,11.96,-6.29
-0.23,-0.26,0.8,6.65,17.82,-7.39
-0.22,-0.27,0.83,5.92,20.81,-8.24
-0.23,-0.3,0.86,3.91,19.23,-12.27
-0.23,-0.29,0.88,1.46,16.78,-14.83
-0.26,-0.31,0.89,-3.23,11.11,-17.15
-0.27,-0.31,0.89,-5.55,6.84,-19.47
-0.29,-0.31,0.89,-7.2,3.54,-20.81
-0.33,-0.31,0.87,-8.24,1.46,-21.48
-0.34,-0.31,0.86,-8.0,1.59,-21.79
-0.34,-0.3,0.85,-6.35,2.01,-20.69
-0.33,-0.29,0.85,-4.03,2.14,-19.35
-0.32,-0.28,0.83,-1.22,2.2,-18.19
-0.32,-0.27,0.82,3.23,2.56,-15.99
-0.32,-0.27,0.8,6.1,4.21,-14.95
-0.31,-0.28,0.79,9.4,7.14,-14.16
-0.31,-0.28,0.8,10.56,9.22,-14.53
-0.28,-0.28,0.81,11.17,9.09,-14.71
-0.29,-0.3,0.82,10.93,7.08,-16.36
-0.28,-0.31,0.82,9.95,5.31,-16.48
-0.28,-0.32,0.82,8.18,1.95,-15.87
-0.29,-0.33,0.83,7.02,-0.55,-16.11
-0.33,-0.33,0.85,5.86,-0.79,-16.66
-0.32,-0.32,0.86,5.0,-0.43,-15.69
-0.33,-0.32,0.89,4.76,-1.59,-18.74
-0.33,-0.3,0.9,4.88,-1.83,-18.92
-0.35,-0.3,0.93,5.37,-2.26,-19.84
-0.35,-0.3,0.94,5.68,-3.11,-20.69
-0.35,-0.29,0.98,6.23,-5.43,-20.87
-0.36,-0.27,1.01,8.3,-10.13,-20.51
-0.37,-0.25,1.04,10.01,-13.37,-19.9
-0.38,-0.23,1.04,13.18,-17.09,-16.6
-0.38,-0.22,1.04,15.5,-16.97,-13.49
-0.4,-0.2,1.03,19.41,-11.05,-7.81
-0.42,-0.2,1.02,21.55,-5.31,-4.7
-0.46,-0.22,1.04,21.61,3.17,-3.36
-0.48,-0.26,1.05,19.35,8.61,-4.03
-0.42,-0.3,1.07,12.57,9.95,-4.82
-0.39,-0.32,1.09,6.53,4.64,-6.41
-0.38,-0.31,1.08,0.31,-2.5,-7.32
-0.38,-0.29,1.04,-7.26,-12.02,-6.16
-0.37,-0.27,1.0,-11.05,-16.11,-5.43
-0.38,-0.23,0.95,-13.55,-16.97,-3.36
-0.38,-0.21,0.93,-12.33,-13.37,-1.04
-0.32,-0.17,0.89,-7.75,-6.59,3.97
-0.31,-0.17,0.86,-4.15,-3.42,4.52
-0.29,-0.16,0.85,1.83,1.71,5.8
-0.28,-0.17,0.84,5.43,4.88,6.29
-0.27,-0.19,0.82,8.3,7.2,4.82
-0.27,-0.21,0.8,10.99,11.29,3.85
-0.29,-0.22,0.79,11.35,14.65,3.17
-0.3,-0.25,0.8,10.93,17.03,1.89
-0.3,-0.25,0.8,7.45,17.76,0.24
-0.3,-0.26,0.81,4.15,15.81,-1.1
-0.3,-0.26,0.81,-0.49,11.6,-2.32
-0.3,-0.25,0.82,-3.48,7.81,-2.26
-0.32,-0.23,0.81,-6.53,2.99,-2.75
-0.32,-0.22,0.8,-7.51,1.53,-2.56
-0.34,-0.2,0.78,-7.87,1.22,-2.26
-0.34,-0.19,0.78,-7.26,3.6,-2.38
-0.34,-0.18,0.79,-6.16,5.92,-1.16
-0.33,-0.19,0.8,-4.21,8.54,-1.71
-0.33,-0.19,0.8,-2.99,9.46,-1.53
-0.34,-0.21,0.81,-1.65,10.86,-1.53
-0.34,-0.22,0.82,-1.04,10.5,-2.81
-0.35,-0.22,0.84,-0.49,7.75,-3.54
-0.36,-0.22,0.84,-0.49,6.35,-4.21
-0.36,-0.23,0.83,-0.55,5.19,-5.0
-0.37,-0.23,0.83,-0.79,3.91,-5.68
-0.36,-0.24,0.85,-0.73,2.87,-5.92
-0.35,-0.23,0.86,0.18,0.37,-5.92
-0.36,-0.23,0.88,1.34,-1.59,-5.74
-0.37,-0.23,0.89,3.66,-2.81,-5.07
-0.37,-0.23,0.9,5.43,-2.56,-4.7
-0.38,-0.24,0.9,8.06,-0.43,-4.27
-0.37,-0.24,0.89,9.28,1.34,-4.52
-0.35,-0.25,0.92,10.38,1.59,-5.49
-0.34,-0.25,0.94,10.44,-1.71,-7.32
-0.34,-0.26,0.95,10.19,-4.94,-8.97
-0.35,-0.26,0.95,9.34,-8.67,-12.33
-0.35,-0.27,0.94,9.22,-9.7,-14.71
-0.36,-0.27,0.95,9.52,-9.64,-17.88
-0.37,-0.27,0.96,10.8,-8.18,-19.53
-0.39,-0.27,0.95,12.88,-5.07,-20.26
-0.4,-0.28,0.94,15.01,0.92,-20.45
-0.41,-0.31,0.95,15.14,5.31,-20.2
-0.39,-0.3,0.98,13.92,11.17,-18.31
-0.37,-0.29,1.02,12.15,11.05,-17.46
-0.37,-0.29,1.05,7.87,5.62,-18.55
-0.38,-0.3,1.04,4.46,2.87,-18.68
-0.34,-0.31,1.04,0.73,0.0,-18.49
-0.32,-0.3,1.04,-3.85,-6.41,-17.7
-0.34,-0.29,1.03,-5.8,-9.09,-17.09
-0.34,-0.27,1.0,-6.77,-9.03,-15.69
-0.34,-0.26,0.97,-5.98,-6.41,-14.59
-0.32,-0.26,0.93,-3.54,-1.04,-12.51
-0.31,-0.26,0.91,-1.28,2.69,-11.54
-0.28,-0.26,0.88,2.38,6.47,-9.89
-0.28,-0.26,0.86,4.03,8.18,-8.61
-0.26,-0.26,0.85,5.43,9.52,-8.18
-0.27,-0.26,0.84,7.26,11.29,-7.63
-0.29,-0.27,0.84,8.06,11.84,-7.32
-0.29,-0.28,0.83,7.75,15.08,-6.84
-0.27,-0.28,0.83,6.23,15.44,-5.98
-0.28,-0.3,0.83,5.19,13.06,-7.39
-0.28,-0.28,0.83,2.2,10.56,-8.67
-0.29,-0.28,0.84,-0.24,9.03,-9.34
-0.28,-0.27,0.84,-2.14,5.98,-10.99
-0.29,-0.27,0.83,-2.93,4.7,-11.72
-0.31,-0.27,0.81,-3.48,5.19,-12.08
-0.31,-0.26,0.8,-3.23,6.47,-12.27
-0.3,-0.26,0.79,-2.26,6.77,-12.02
-0.3,-0.25,0.79,-1.28,7.2,-11.66
-0.31,-0.25,0.79,0.37,7.51,-10.68
-0.31,-0.25,0.79,1.22,7.45,-9.95
-0.31,-0.24,0.78,1.95,7.32,-9.7
-0.31,-0.24,0.78,2.32,7.45,-9.52
-0.31,-0.24,0.79,2.08,7.69,-9.46
-0.3,-0.25,0.8,1.65,6.77,-9.28
-0.3,-0.25,0.82,1.22,5.55,-8.97
-0.31,-0.26,0.85,1.16,3.78,-8.36
-0.31,-0.26,0.86,1.53,1.16,-7.63
-0.32,-0.25,0.87,1.34,-0.06,-7.2
-0.35,-0.24,0.9,1.28,-0.55,-6.71
-0.34,-0.23,0.92,1.4,-0.24,-6.29
-0.36,-0.23,0.96,3.17,-1.46,-6.71
-0.36,-0.23,0.96,4.33,-1.4,-6.1
-0.38,-0.25,0.96,4.94,-1.28,-5.07
-0.38,-0.26,0.96,5.25,-1.04,-4.94
-0.37,-0.28,0.97,4.88,-1.53,-4.03
-0.36,-0.28,0.99,3.42,-4.94,-2.5
-0.37,-0.28,1.01,3.17,-8.24,-1.1
-0.39,-0.29,1.0,2.99,-7.2,1.46
-0.41,-0.29,0.99,2.62,-3.23,3.54
-0.44,-0.31,1.01,0.61,4.58,3.97
-0.42,-0.31,1.04,-2.2,8.24,3.66
-0.38,-0.31,1.08,-5.92,8.54,3.11
-0.36,-0.3,1.12,-12.21,1.71,1.95
-0.35,-0.28,1.14,-16.11,-4.27,1.34
-0.33,-0.24,1.13,-20.08,-12.63,1.65
-0.33,-0.21,1.11,-21.12,-16.48,2.62
-0.32,-0.16,1.06,-19.59,-18.8,6.35
-0.33,-0.14,1.03,-17.09,-17.15,8.24
-0.31,-0.13,0.99,-11.17,-12.08,12.33
-0.28,-0.12,0.96,-6.53,-7.87,15.08
-0.25,-0.14,0.92,-2.14,-5.13,15.62
-0.25,-0.15,0.87,2.81,-0.37,16.3
-0.24,-0.17,0.85,5.19,2.69,15.62
-0.23,-0.19,0.84,6.96,4.27,12.94
-0.24,-0.2,0.84,7.08,5.19,11.6
-0.25,-0.21,0.84,6.59,5.25,9.95
-0.27,-0.23,0.83,3.91,4.7,7.26
-0.28,-0.24,0.82,1.28,3.91,5.8
-0.3,-0.24,0.83,-1.59,2.93,4.58
-0.29,-0.23,0.83,-7.08,0.0,3.72
-0.31,-0.23,0.84,-9.52,-4.15,2.69
-0.33,-0.2,0.84,-12.15,-8.79,2.99
-0.35,-0.19,0.83,-12.94,-10.74,2.99
-0.37,-0.17,0.81,-11.84,-9.28,3.36
-0.37,-0.16,0.8,-10.74,-6.59,3.97
-0.36,-0.16,0.79,-9.09,-3.6,4.52
-0.35,-0.16,0.79,-6.04,-0.85,6.04
-0.34,-0.16,0.8,-3.23,-1.28,6.77
-0.35,-0.17,0.79,-1.1,-1.65,6.96
-0.35,-0.19,0.79,0.43,-0.31,6.1
-0.35,-0.2,0.8,1.04,0.55,4.76
-0.35,-0.21,0.81,1.28,1.65,3.48
-0.35,-0.22,0.83,1.65,1.16,2.26
-0.35,-0.22,0.83,1.65,0.43,1.71
-0.35,-0.23,0.82,1.59,-0.67,1.65
-0.36,-0.24,0.83,1.77,-1.53,0.24
-0.37,-0.24,0.88,2.14,-1.22,-0.92
-0.37,-0.24,0.91,2.93,-2.14,-2.26
-0.38,-0.24,0.94,5.25,-3.23,-3.42
-0.39,-0.24,0.94,7.63,-2.44,-3.6
-0.34,-0.27,0.91,9.64,-2.26,-4.94
-0.37,-0.28,0.68,5.43,-0.55,-8.18
-0.34,-0.31,0.72,2.32,15.87,-9.52
-0.22,-0.26,0.73,-9.03,8.42,-16.3
-0.19,-0.24,0.83,-12.27,-1.59,-19.35
-0.28,-0.23,0.92,-14.1,-26.18,-21.55
-0.38,-0.16,1.0,-10.31,-34.18,-21.06
-0.48,-0.11,1.11,0.0,-38.57,-17.09
-0.57,-0.12,1.11,8.73,-27.22,-13.61
-0.61,-0.14,1.1,19.59,2.56,-7.63
-0.58,-0.17,1.11,24.05,19.53,-4.52
-0.51,-0.2,1.11,25.33,27.1,-1.83
-0.45,-0.24,1.12,23.13,27.77,-0.24
-0.4,-0.26,1.11,19.35,21.24,-0.24
-0.38,-0.29,1.09,12.63,10.01,-1.53
-0.35,-0.31,1.06,8.18,2.99,-2.81
-0.32,-0.32,1.01,3.85,-3.6,-4.15
-0.32,-0.32,0.97,-1.53,-9.58,-6.59
-0.32,-0.31,0.94,-3.3,-9.46,-7.26
-0.32,-0.3,0.89,-4.76,-7.63,-8.36
-0.31,-0.28,0.85,-3.97,-4.15,-9.09
-0.29,-0.27,0.82,-2.14,0.24,-8.3
-0.28,-0.26,0.81,-0.24,2.5,-7.87
-0.27,-0.24,0.81,2.14,4.03,-7.51
-0.27,-0.25,0.81,5.8,5.19,-5.68
-0.27,-0.24,0.81,8.48,5.92,-3.97
-0.29,-0.23,0.79,11.47,9.34,-1.95
-0.3,-0.23,0.78,12.27,12.76,-0.06
-0.31,-0.25,0.77,12.27,15.38,-0.55
-0.28,-0.24,0.78,10.25,16.05,-1.28
-0.28,-0.25,0.81,7.26,14.53,-1.53
-0.29,-0.24,0.82,2.44,11.05,-4.15
-0.3,-0.24,0.83,-0.12,8.54,-5.19
-0.31,-0.24,0.82,-3.17,6.23,-6.1
-0.31,-0.23,0.82,-4.09,5.13,-5.43
-0.32,-0.23,0.82,-4.09,4.82,-4.39
-0.32,-0.23,0.81,-3.17,5.0,-2.32
-0.31,-0.22,0.81,-1.89,5.07,-0.49
-0.31,-0.21,0.81,0.24,5.55,1.34
-0.32,-0.21,0.82,1.34,6.29,2.5
-0.33,-0.21,0.82,3.05,8.24,3.85
-0.33,-0.21,0.83,3.42,8.79,4.88
-0.33,-0.23,0.85,3.3,8.18,4.94
-0.33,-0.24,0.86,2.32,5.68,6.77
-0.32,-0.25,0.88,1.22,2.32,8.12
-0.33,-0.26,0.89,0.31,-1.4,9.4
-0.33,-0.26,0.89,-1.22,-6.1,12.27
-0.34,-0.25,0.9,-1.89,-7.81,13.61
-0.35,-0.24,0.91,-2.2,-6.77,15.44
-0.34,-0.24,0.92,-2.14,-5.13,16.36
-0.31,-0.24,0.94,-1.77,-4.33,17.33
-0.29,-0.24,0.97,-1.59,-6.84,17.52
-0.28,-0.23,1.0,-1.4,-11.11,17.33
-0.28,-0.23,1.01,-0.85,-18.62,19.17
-0.31,-0.22,1.01,0.18,-21.73,20.32
-0.33,-0.21,1.01,2.56,-21.55,23.86
-0.36,-0.2,1.01,5.07,-17.15,26.92
-0.39,-0.18,1.01,8.48,-7.26,29.11
-0.44,-0.19,1.02,9.34,-0.85,27.53
-0.45,-0.24,1.05,6.9,6.16,25.88
-0.4,-0.27,1.08,3.72,5.74,24.35
-0.37,-0.28,1.09,-1.28,0.37,22.64
-0.41,-0.27,1.09,-8.12,-10.19,22.58
-0.43,-0.25,1.06,-11.72,-14.77,23.19
-0.43,-0.22,1.01,-15.01,-16.6,24.6
-0.42,-0.19,0.97,-15.38,-15.14,27.04
-0.39,-0.17,0.93,-14.04,-10.68,29.97
-0.36,-0.15,0.91,-10.8,-3.85,34.18
-0.32,-0.14,0.91,-8.36,-1.46,35.46
-0.29,-0.14,0.89,-5.13,0.37,36.13
-0.28,-0.15,0.88,-3.91,1.83,35.22
-0.28,-0.18,0.87,-3.42,4.15,34.48
-0.28,-0.19,0.87,-4.03,6.96,32.96
-0.29,-0.2,0.87,-5.31,7.26,31.01
-0.31,-0.22,0.88,-8.79,5.07,28.2
-0.32,-0.23,0.88,-11.29,2.93,26.92
-0.32,-0.22,0.87,-14.71,-0.73,25.02
-0.33,-0.21,0.84,-16.54,-2.93,24.23
-0.34,-0.2,0.83,-18.86,-5.19,23.74
-0.33,-0.18,0.83,-18.49,-6.59,23.5
-0.34,-0.16,0.82,-16.36,-7.69,23.56
-0.34,-0.15,0.81,-14.28,-6.84,24.66
-0.34,-0.15,0.79,-10.44,-5.31,26.0
-0.34,-0.15,0.79,-7.93,-3.91,26.55
-0.35,-0.16,0.77,-4.76,-1.28,26.61
-0.35,-0.17,0.77,-3.3,0.24,26.55
-0.34,-0.19,0.77,-2.26,0.92,26.0
-0.34,-0.2,0.77,-2.32,0.79,25.39
-0.35,-0.2,0.77,-3.11,-0.79,24.41
-0.35,-0.2,0.79,-3.85,-1.89,23.5
-0.35,-0.2,0.82,-4.64,-3.36,22.46
-0.35,-0.19,0.85,-5.62,-5.68,21.3
-0.36,-0.2,0.89,-5.19,-6.41,20.75
-0.37,-0.21,0.9,-3.78,-6.41,20.32
-0.39,-0.21,0.91,-2.56,-5.19,20.26
-0.39,-0.23,0.93,-1.59,-3.78,20.08
-0.38,-0.24,0.94,-0.73,-3.91,19.9
-0.37,-0.25,0.95,-0.85,-5.8,19.84
-0.36,-0.25,0.95,-1.53,-9.16,18.8
-0.35,-0.26,0.95,-2.2,-11.05,17.94
-0.35,-0.26,0.96,-3.23,-13.67,16.48
-0.35,-0.27,0.97,-3.66,-15.32,15.38
-0.35,-0.26,1.0,-2.99,-17.15,13.18
-0.36,-0.26,1.0,-1.77,-17.7,12.15
-0.4,-0.26,0.99,0.79,-12.02,11.9
-0.42,-0.26,0.97,2.08,-6.41,11.9
-0.43,-0.28,0.99,2.26,-1.71,11.29
-0.43,-0.3,1.01,0.98,2.93,10.07
-0.41,-0.32,1.04,-0.73,2.81,9.52
-0.38,-0.32,1.06,-4.46,-2.75,8.97
-0.39,-0.32,1.04,-7.32,-6.59,8.54
-0.4,-0.32,1.01,-10.86,-9.09,8.61
-0.37,-0.32,1.0,-12.82,-9.95,9.03
-0.33,-0.29,0.99,-13.85,-11.9,10.38
-0.33,-0.28,0.97,-12.88,-12.02,12.08
-0.3,-0.26,0.92,-11.54,-11.47,13.79
-0.29,-0.25,0.89,-8.48,-8.85,14.04
-0.26,-0.25,0.85,-6.1,-5.86,15.56
-0.24,-0.24,0.84,-2.69,-1.71,17.03
-0.24,-0.24,0.83,-0.55,0.12,17.7
-0.23,-0.25,0.81,1.95,2.2,18.98
-0.24,-0.25,0.79,2.87,4.39,20.2
-0.24,-0.26,0.78,3.36,7.63,20.87
-0.25,-0.27,0.77,2.26,10.13,22.03
-0.26,-0.29,0.77,0.61,11.66,19.9
-0.25,-0.3,0.8,-4.39,11.35,18.55
-0.25,-0.31,0.82,-8.48,8.85,16.91
-0.26,-0.31,0.85,-12.27,5.49,14.77
-0.28,-0.3,0.86,-17.03,0.61,12.7
-0.29,-0.29,0.85,-19.53,-1.71,11.96
-0.31,-0.28,0.84,-20.63,-3.11,11.66
-0.31,-0.27,0.84,-20.51,-3.11,12.21
-0.31,-0.25,0.84,-19.53,-2.69,13.06
-0.3,-0.24,0.85,-16.78,-1.46,14.65
-0.29,-0.24,0.85,-14.59,-1.16,15.69
-0.29,-0.23,0.87,-11.11,-0.92,16.97
-0.29,-0.22,0.87,-9.09,-0.85,18.07
-0.3,-0.23,0.86,-7.39,-0.55,18.8
-0.3,-0.24,0.86,-5.43,0.37,20.14
-0.29,-0.25,0.86,-5.0,0.61,21.0
-0.28,-0.25,0.86,-5.19,-1.4,21.61
-0.27,-0.25,0.87,-5.92,-3.91,22.22
-0.28,-0.25,0.89,-6.96,-7.75,22.58
-0.28,-0.26,0.89,-7.63,-9.58,22.77
-0.28,-0.26,0.88,-8.42,-10.74,23.25
-0.27,-0.26,0.89,-9.09,-12.45,23.86
-0.28,-0.25,0.91,-9.58,-14.28,24.48
-0.29,-0.24,0.95,-9.58,-17.03,25.51
-0.27,-0.23,0.96,-9.46,-20.08,26.37
-0.29,-0.23,0.96,-9.03,-23.56,27.77
-0.29,-0.24,0.96,-8.54,-24.48,29.36
-0.29,-0.24,0.97,-6.96,-25.09,31.68
-0.31,-0.24,0.98,-6.1,-23.38,34.06
-0.35,-0.24,1.01,-4.88,-18.01,36.13
-0.37,-0.24,1.02,-3.78,-8.36,36.38
-0.4,-0.29,1.05,-4.94,-1.65,35.1
-0.37,-0.31,1.08,-9.34,4.09,32.59
-0.33,-0.3,1.13,-13.37,-0.18,30.15
-0.34,-0.29,1.14,-18.86,-12.7,27.1
-0.36,-0.26,1.11,-21.55,-19.23,25.82
-0.35,-0.23,1.07,-23.8,-26.92,25.63
-0.36,-0.2,1.01,-22.09,-28.08,27.34
-0.36,-0.16,0.96,-16.66,-18.07,30.88
-0.31,-0.15,0.91,-10.13,-8.79,34.42
-0.3,-0.14,0.88,-5.8,-3.36,36.25
-0.27,-0.15,0.87,-0.67,3.54,38.33
-0.26,-0.16,0.86,1.22,5.98,38.64
-0.24,-0.18,0.86,2.14,7.26,38.33
-0.25,-0.2,0.87,1.83,7.63,37.78
-0.26,-0.2,0.87,0.0,6.9,36.25
-0.27,-0.22,0.87,-4.15,3.97,35.1
-0.28,-0.21,0.87,-8.18,1.59,34.36
-0.29,-0.2,0.87,-14.1,-2.38,33.69
-0.29,-0.2,0.87,-17.46,-4.7,33.39
-0.31,-0.18,0.88,-20.63,-7.75,32.71
-0.31,-0.17,0.9,-21.48,-9.46,32.84
-0.32,-0.16,0.89,-20.94,-10.8,33.2
-0.32,-0.16,0.88,-19.78,-10.74,33.87
-0.33,-0.16,0.87,-18.01,-9.7,34.55
-0.33,-0.16,0.86,-15.44,-7.57,35.28
-0.34,-0.16,0.86,-13.43,-5.62,35.58
-0.33,-0.18,0.88,-10.8,-4.15,36.19
-0.32,-0.19,0.89,-8.91,-4.52,36.8
-0.27,-0.24,0.73,-10.99,-4.46,36.25
-0.52,-0.13,0.42,-17.03,12.51,36.01
-0.18,-0.2,0.7,-17.21,45.1,34.36
-0.23,-0.12,0.76,-27.4,23.01,35.03
-0.2,-0.15,0.88,-26.79,8.54,34.06
-0.2,-0.19,0.98,-26.12,-28.02,36.99
-0.25,-0.18,1.0,-22.4,-42.24,36.87
-0.32,-0.21,1.05,-17.76,-54.08,37.6
-0.42,-0.21,1.08,-9.83,-51.64,36.8
-0.49,-0.22,1.07,-4.33,-35.77,35.95
-0.48,-0.25,1.05,2.81,-3.48,34.79
-0.38,-0.25,1.05,6.23,10.31,33.33
-0.31,-0.26,1.04,10.07,16.42,31.13
-0.25,-0.26,1.02,11.72,11.35,29.05
-0.23,-0.25,0.97,12.51,2.2,27.22
-0.24,-0.26,0.94,12.45,-11.17,25.27
-0.26,-0.26,0.92,11.84,-17.27,23.32
-0.29,-0.26,0.89,10.31,-19.65,21.85
-0.31,-0.26,0.88,9.03,-17.52,21.42
-0.34,-0.26,0.88,7.63,-14.1,20.69
-0.35,-0.26,0.89,4.39,-9.58,20.57
-0.37,-0.28,0.9,1.22,-7.81,19.59
-0.37,-0.27,0.95,-4.33,-6.9,19.1
-0.38,-0.27,0.97,-8.24,-8.18,19.1
-0.4,-0.27,0.98,-11.9,-10.25,18.13
-0.41,-0.27,0.99,-16.85,-13.06,18.19
-0.41,-0.28,0.99,-19.65,-14.95,18.74
-0.41,-0.28,0.97,-22.34,-16.54,20.39
-0.39,-0.27,0.95,-23.01,-17.09,22.46
-0.36,-0.26,0.92,-22.58,-17.4,25.82
-0.35,-0.26,0.9,-20.81,-16.72,28.69
-0.32,-0.25,0.87,-18.25,-15.44,31.25
-0.31,-0.24,0.86,-13.61,-12.02,34.36
-0.29,-0.24,0.85,-10.56,-8.91,36.62
-0.26,-0.24,0.83,-5.86,-5.0,37.84
-0.25,-0.24,0.82,-3.3,-2.01,38.21
-0.25,-0.25,0.8,-1.71,3.54,38.15
-0.23,-0.25,0.79,-1.04,6.23,37.6
-0.23,-0.27,0.8,-0.85,5.8,36.38
-0.25,-0.28,0.81,-2.5,3.78,33.45
-0.26,-0.3,0.82,-4.64,2.5,32.65
-0.27,-0.32,0.82,-8.24,-0.31,31.07
-0.28,-0.33,0.81,-10.56,-1.95,30.27
-0.3,-0.33,0.81,-12.7,-2.56,29.91
-0.31,-0.32,0.82,-14.89,-2.5,29.3
-0.31,-0.31,0.84,-15.26,-3.05,29.11
-0.31,-0.3,0.85,-15.08,-3.78,29.36
-0.31,-0.3,0.85,-14.28,-3.78,29.91
-0.3,-0.29,0.84,-12.51,-2.87,30.58
-0.29,-0.28,0.85,-11.05,-2.44,31.43
-0.3,-0.28,0.86,-9.77,-2.2,31.68
-0.29,-0.27,0.87,-8.24,-1.95,31.92
-0.28,-0.28,0.88,-7.57,-2.44,31.62
-0.29,-0.29,0.87,-7.32,-3.36,31.37
-0.29,-0.29,0.87,-7.57,-3.6,31.01
-0.28,-0.3,0.88,-8.42,-4.46,30.21
-0.28,-0.31,0.89,-9.22,-6.23,29.6
-0.29,-0.31,0.9,-10.13,-8.73,28.93
-0.3,-0.3,0.92,-11.47,-13.06,28.02
-0.31,-0.3,0.93,-11.96,-15.26,27.65
-0.33,-0.29,0.92,-12.21,-15.93,27.47
-0.34,-0.29,0.92,-11.84,-15.38,27.77
-0.34,-0.29,0.93,-11.29,-14.59,29.05
-0.32,-0.28,0.94,-10.56,-15.62,30.33
-0.31,-0.28,0.94,-9.64,-17.76,31.68
-0.3,-0.29,0.95,-8.24,-20.87,33.63
-0.3,-0.29,0.94,-7.02,-22.03,34.3
-0.29,-0.28,0.95,-5.07,-22.46,35.16
-0.29,-0.29,0.95,-3.3,-21.73,35.34
-0.31,-0.28,0.94,-1.89,-18.92,36.25
-0.33,-0.28,0.95,-0.06,-14.1,36.38
-0.37,-0.3,0.97,0.18,-11.47,35.52
-0.37,-0.33,0.99,-1.83,-9.7,33.02
-0.35,-0.33,1.01,-4.82,-11.35,31.19
-0.35,-0.32,1.04,-9.77,-19.47,29.42
-0.38,-0.31,1.03,-12.88,-24.23,28.44
-0.39,-0.29,0.99,-16.54,-26.86,28.26
-0.4,-0.27,0.96,-17.46,-25.63,29.54
-0.4,-0.25,0.92,-16.91,-20.45,32.47
-0.38,-0.23,0.89,-15.26,-14.89,34.67
-0.33,-0.22,0.87,-13.06,-10.68,38.45
-0.31,-0.22,0.86,-9.4,-7.32,40.22
-0.28,-0.21,0.85,-7.14,-5.0,41.26
-0.27,-0.21,0.84,-4.88,-2.26,41.75
-0.27,-0.23,0.83,-3.91,-0.12,40.53
-0.27,-0.24,0.83,-3.85,3.54,38.76
-0.28,-0.25,0.82,-4.76,5.68,37.35
-0.29,-0.26,0.84,-6.47,6.71,35.83
-0.3,-0.27,0.85,-11.05,5.25,33.02
-0.3,-0.28,0.86,-14.59,3.05,31.86
-0.3,-0.28,0.86,-20.02,-1.65,30.88
-0.31,-0.27,0.86,-23.01,-4.76,30.15
-0.33,-0.25,0.85,-25.88,-6.47,30.03
-0.33,-0.24,0.87,-26.37,-6.65,29.72
-0.33,-0.21,0.89,-26.37,-6.77,29.91
-0.33,-0.2,0.9,-23.86,-7.69,29.72
-0.33,-0.18,0.89,-21.67,-7.75,29.91
-0.34,-0.19,0.86,-18.49,-6.59,30.82
-0.34,-0.19,0.86,-16.24,-5.68,31.01
-0.34,-0.2,0.88,-13.31,-5.55,31.37
-0.33,-0.21,0.89,-11.6,-6.1,31.68
-0.33,-0.21,0.88,-9.28,-7.87,31.68
-0.33,-0.22,0.86,-8.0,-8.0,31.49
-0.32,-0.23,0.85,-7.32,-7.63,30.88
-0.31,-0.25,0.85,-6.71,-7.69,29.11
-0.31,-0.25,0.85,-6.77,-8.42,27.65
-0.31,-0.26,0.88,-6.41,-9.52,26.06
-0.31,-0.26,0.88,-5.92,-10.31,23.86
-0.31,-0.27,0.89,-5.55,-10.5,22.52
-0.32,-0.28,0.88,-4.76,-9.4,21.06
-0.31,-0.28,0.89,-4.39,-9.22,20.02
-0.31,-0.28,0.91,-4.33,-9.83,19.04
-0.31,-0.26,0.94,-3.78,-10.86,18.01
-0.31,-0.26,0.95,-3.48,-11.35,17.88
-0.31,-0.26,0.96,-3.23,-11.23,18.19
-0.31,-0.27,0.96,-3.42,-8.67,19.1
-0.32,-0.26,0.97,-3.6,-5.98,19.53
-0.33,-0.25,1.0,-4.94,-3.6,19.84
-0.34,-0.27,1.02,-7.02,-3.54,18.92
-0.33,-0.29,1.04,-9.95,-4.09,17.64
-0.31,-0.3,1.08,-15.5,-9.34,16.05
-0.32,-0.3,1.08,-18.86,-14.28,14.89
-0.34,-0.31,1.05,-21.3,-17.94,13.79
-0.34,-0.3,1.02,-24.11,-20.87,12.7
-0.34,-0.3,1.0,-25.27,-20.81,12.82
-0.34,-0.29,0.96,-25.27,-17.64,13.85
-0.32,-0.29,0.94,-23.86,-14.89,15.14
-0.29,-0.28,0.89,-22.16,-13.67,16.54
-0.28,-0.28,0.87,-18.86,-11.54,17.82
-0.27,-0.28,0.85,-16.36,-9.03,19.47
-0.25,-0.29,0.83,-12.88,-5.74,21.18
-0.25,-0.3,0.82,-10.8,-3.85,22.03
-0.25,-0.3,0.81,-9.58,-0.67,23.19
-0.23,-0.29,0.82,-7.45,2.56,24.66
-0.24,-0.28,0.83,-6.59,3.05,24.05
-0.27,-0.28,0.85,-6.47,4.03,23.5
-0.28,-0.29,0.86,-7.69,6.9,22.09
-0.27,-0.3,0.87,-9.64,7.08,20.51
-0.29,-0.29,0.89,-13.18,4.58,17.82
-0.29,-0.29,0.9,-15.62,2.44,16.24
-0.3,-0.29,0.91,-17.76,-0.43,14.95
-0.31,-0.28,0.9,-19.65,-4.58,13.92
-0.32,-0.28,0.9,-19.59,-6.41,14.34
-0.33,-0.27,0.89,-18.86,-6.84,14.65
-0.32,-0.26,0.88,-16.05,-6.47,16.05
-0.31,-0.25,0.88,-13.73,-5.98,16.91
-0.3,-0.23,0.86,-9.7,-5.37,17.82
-0.3,-0.23,0.86,-7.57,-4.76,18.13
-0.29,-0.22,0.85,-5.43,-3.97,18.31
-0.29,-0.23,0.83,-3.36,-3.3,18.01
-0.29,-0.24,0.82,-2.81,-2.5,18.55
-0.28,-0.27,0.81,-3.05,-2.2,19.17
-0.28,-0.27,0.82,-5.19,-4.7,19.47
-0.28,-0.27,0.84,-6.59,-7.51,19.29
-0.3,-0.26,0.88,-7.93,-12.08,18.68
-0.31,-0.25,0.89,-7.93,-13.61,18.55
-0.33,-0.26,0.87,-6.53,-13.06,19.71
-0.34,-0.27,0.86,-5.49,-10.5,19.53
-0.34,-0.26,0.87,-4.39,-7.39,20.94
-0.33,-0.27,0.9,-3.6,-5.07,22.09
-0.31,-0.27,0.92,-3.48,-4.7,22.09
-0.28,-0.27,0.96,-3.85,-8.12,23.25
-0.28,-0.27,0.97,-4.27,-12.21,23.13
-0.3,-0.25,0.98,-4.64,-17.64,23.74
-0.32,-0.25,0.98,-5.0,-17.94,23.99
-0.35,-0.26,0.98,-5.37,-13.31,25.09
-0.37,-0.25,0.98,-5.8,-8.24,25.88
-0.39,-0.25,1.01,-6.71,-3.78,25.76
-0.39,-0.27,1.07,-9.22,-2.14,25.27
-0.34,-0.27,1.1,-11.6,-5.25,25.33
-0.34,-0.25,1.14,-14.04,-12.15,25.63
-0.37,-0.22,1.13,-16.54,-22.03,25.88
-0.39,-0.2,1.11,-16.54,-24.78,26.37
-0.37,-0.18,1.06,-16.36,-24.78,27.16
-0.36,-0.16,1.02,-13.85,-21.85,30.33
-0.35,-0.15,0.98,-10.56,-18.25,32.47
-0.32,-0.14,0.94,-5.43,-12.57,36.13
-0.3,-0.16,0.92,-2.26,-9.22,36.56
-0.25,-0.17,0.89,0.67,-6.16,36.8
-0.24,-0.18,0.87,4.15,-3.78,35.95
-0.24,-0.19,0.85,5.92,-1.65,34.24
-0.24,-0.2,0.84,7.02,0.12,32.78
-0.25,-0.22,0.82,6.84,2.62,29.42
-0.26,-0.23,0.81,5.31,4.76,27.47
-0.27,-0.26,0.81,2.69,5.86,25.76
-0.28,-0.26,0.82,-2.69,4.27,23.68
-0.27,-0.25,0.83,-6.41,0.0,22.46
-0.29,-0.23,0.86,-9.58,-4.94,21.48
-0.29,-0.21,0.86,-13.43,-10.68,21.79
-0.31,-0.2,0.85,-14.16,-13.31,21.61
-0.32,-0.17,0.83,-14.71,-14.83,21.79
-0.33,-0.17,0.82,-14.53,-14.22,21.61
-0.35,-0.16,0.81,-13.55,-11.96,21.91
-0.35,-0.16,0.81,-11.35,-7.45,22.28
-0.36,-0.16,0.81,-10.19,-4.21,22.4
-0.36,-0.16,0.82,-8.54,-0.49,22.83
-0.35,-0.17,0.82,-7.81,0.0,23.19
-0.35,-0.19,0.83,-7.51,-1.1,23.5
-0.35,-0.19,0.85,-7.45,-4.46,23.99
-0.31,-0.2,0.83,-8.42,-4.88,22.77
-0.7,-0.19,0.58,-14.28,12.02,21.91
-0.32,-0.13,0.72,-14.77,60.49,15.87
-0.25,-0.21,0.74,-20.32,50.54,19.53
-0.17,-0.18,0.83,-22.34,40.1,19.1
-0.09,-0.2,0.92,-22.58,-10.44,18.07
-0.25,-0.22,0.95,-21.0,-38.7,18.92
-0.29,-0.2,1.03,-13.92,-65.37,18.92
-0.41,-0.21,1.06,-9.22,-74.58,21.42
-0.5,-0.22,1.07,-3.6,-67.14,22.28
-0.54,-0.24,1.05,5.07,-35.16,21.18
-0.55,-0.23,1.04,9.4,-9.58,21.91
-0.42,-0.25,1.03,13.37,8.91,19.96
-0.38,-0.25,1.0,16.85,23.38,17.09
-0.28,-0.26,0.99,18.68,21.0,14.71
-0.22,-0.28,0.95,19.1,8.97,12.51
-0.23,-0.28,0.93,18.74,-9.77,9.03
-0.25,-0.29,0.91,18.01,-18.98,7.57
-0.32,-0.28,0.89,17.03,-22.46,7.14
-0.36,-0.27,0.88,15.32,-16.36,7.32
-0.39,-0.26,0.88,11.72,-5.55,7.75
-0.4,-0.27,0.89,7.26,-0.43,7.93
-0.39,-0.27,0.92,1.77,0.98,8.0
-0.36,-0.27,0.97,-7.02,-2.87,9.03
-0.37,-0.27,0.98,-12.82,-7.69,9.28
-0.4,-0.26,0.97,-17.88,-11.29,9.34
-0.41,-0.25,0.96,-23.68,-12.7,12.21
-0.41,-0.24,0.95,-26.0,-11.23,14.4
-0.39,-0.22,0.93,-26.86,-8.91,16.66
-0.37,-0.21,0.9,-26.0,-4.21,20.87
-0.35,-0.21,0.88,-24.41,-1.46,23.56
-0.32,-0.22,0.87,-21.12,1.95,26.73
-0.3,-0.22,0.87,-18.92,3.42,28.56
-0.29,-0.22,0.86,-16.36,4.58,29.79
-0.26,-0.24,0.87,-13.67,6.71,31.74
-0.25,-0.23,0.85,-12.45,9.34,33.26
-0.23,-0.22,0.84,-10.8,12.94,35.52
-0.24,-0.24,0.84,-9.7,13.06,35.22
-0.22,-0.22,0.85,-10.01,14.1,33.75
-0.2,-0.23,0.87,-11.66,12.63,33.51
-0.2,-0.23,0.89,-13.67,9.28,31.13
-0.22,-0.23,0.9,-15.62,5.13,29.24
-0.24,-0.23,0.9,-16.3,3.42,27.83
-0.26,-0.22,0.9,-16.42,2.2,27.22
-0.28,-0.23,0.9,-15.2,1.83,27.4
-0.29,-0.23,0.9,-14.04,2.14,27.89
-0.29,-0.23,0.89,-10.99,2.14,29.48
-0.29,-0.23,0.89,-8.79,1.59,30.52
-0.31,-0.23,0.89,-6.59,1.22,31.37
-0.31,-0.24,0.89,-3.72,1.95,32.29
-0.31,-0.24,0.88,-2.32,3.05,32.53
-0.31,-0.25,0.88,-1.34,2.81,32.96
-0.31,-0.26,0.88,-1.1,1.46,32.65
-0.31,-0.26,0.89,-1.4,-0.67,32.71
-0.31,-0.26,0.88,-2.56,-3.48,33.26
-0.32,-0.27,0.88,-3.6,-4.33,33.39
-0.32,-0.28,0.9,-4.7,-5.37,33.75
-0.32,-0.28,0.91,-6.71,-7.2,32.96
-0.32,-0.28,0.92,-7.93,-8.67,31.98
-0.31,-0.28,0.92,-8.42,-10.19,31.8
-0.31,-0.29,0.91,-8.42,-12.08,31.37
-0.3,-0.28,0.91,-8.18,-13.31,30.52
-0.3,-0.29,0.92,-7.32,-14.59,31.31
-0.28,-0.3,0.93,-6.71,-15.75,30.94
-0.27,-0.29,0.96,-5.19,-17.4,30.76
-0.27,-0.28,0.95,-3.54,-17.58,30.88
-0.26,-0.27,0.94,-1.77,-17.58,30.94
-0.26,-0.26,0.94,0.37,-16.91,30.76
-0.26,-0.27,0.95,1.22,-16.78,30.94
-0.27,-0.28,0.97,1.71,-16.48,30.82
-0.28,-0.27,0.98,2.14,-13.37,31.8
-0.3,-0.27,0.98,1.65,-10.44,32.78
-0.32,-0.26,1.0,-0.31,-6.29,32.47
-0.33,-0.26,1.02,-2.38,-4.15,32.65
-0.32,-0.27,1.04,-5.0,-2.69,32.9
-0.3,-0.27,1.06,-9.28,-5.13,33.2
-0.3,-0.28,1.06,-12.76,-8.91,33.75
-0.3,-0.27,1.05,-17.4,-13.61,34.97
-0.27,-0.25,1.05,-19.17,-16.48,36.74
-0.25,-0.22,1.04,-20.45,-20.02,38.88
-0.26,-0.2,1.02,-18.98,-19.53,39.79
-0.27,-0.19,0.99,-16.66,-16.6,41.08
-0.24,-0.19,0.95,-12.76,-9.95,41.93
-0.23,-0.2,0.93,-10.01,-6.29,41.63
-0.23,-0.21,0.91,-7.87,-3.54,40.83
-0.22,-0.22,0.9,-5.8,-1.83,39.98
-0.23,-0.24,0.89,-5.43,-1.83,39.18
-0.25,-0.25,0.88,-6.16,-2.01,38.39
-0.27,-0.25,0.87,-7.32,-2.44,38.15
-0.3,-0.26,0.87,-8.97,-2.93,37.96
-0.29,-0.27,0.85,-12.08,-4.27,37.54
-0.28,-0.26,0.85,-14.22,-6.59,37.54
-0.28,-0.24,0.84,-16.17,-9.16,37.66
-0.28,-0.23,0.84,-18.19,-11.11,37.54
-0.28,-0.21,0.84,-18.74,-11.66,37.23
-0.28,-0.21,0.83,-19.35,-10.68,36.87
-0.27,-0.2,0.83,-18.98,-10.13,36.56
-0.26,-0.19,0.83,-18.01,-10.13,36.38
-0.26,-0.19,0.84,-15.87,-11.05,36.07
-0.27,-0.19,0.83,-13.98,-11.17,35.77
-0.29,-0.2,0.82,-12.08,-10.68,35.4
-0.3,-0.21,0.82,-10.01,-8.54,34.61
-0.3,-0.22,0.82,-8.85,-7.14,34.06
-0.3,-0.23,0.85,-7.45,-7.32,32.59
-0.3,-0.24,0.86,-6.53,-7.93,31.68
-0.3,-0.24,0.86,-5.86,-8.48,30.88
-0.32,-0.25,0.86,-5.0,-9.4,29.36
-0.33,-0.26,0.86,-4.94,-9.09,28.44
-0.33,-0.26,0.88,-4.94,-8.67,27.59
-0.33,-0.27,0.89,-5.37,-9.58,26.67
-0.33,-0.28,0.9,-5.37,-10.44,26.25
-0.33,-0.29,0.9,-5.13,-11.6,25.88
-0.33,-0.29,0.91,-5.0,-11.84,25.45
-0.32,-0.29,0.94,-4.58,-11.9,24.84
-0.32,-0.3,0.96,-3.72,-10.86,23.56
-0.29,-0.31,0.98,-3.3,-10.25,22.95
-0.28,-0.31,0.99,-2.32,-8.91,22.64
-0.27,-0.31,1.0,-1.4,-7.39,23.25
-0.27,-0.28,1.03,0.49,-3.78,24.11
-0.28,-0.26,1.04,1.28,-1.46,23.86
-0.29,-0.27,1.06,1.34,0.06,23.07
-0.28,-0.28,1.09,0.06,0.85,21.36
-0.26,-0.29,1.11,-1.34,-2.2,20.32
-0.27,-0.3,1.09,-3.85,-7.51,19.59
-0.29,-0.3,1.06,-5.13,-12.51,18.62
-0.29,-0.3,1.02,-6.47,-13.49,19.17
-0.29,-0.31,0.97,-6.77,-12.51,21.12
-0.28,-0.3,0.94,-5.8,-10.19,23.38
-0.25,-0.29,0.9,-3.78,-7.32,27.53
-0.23,-0.27,0.86,-1.77,-5.37,30.33
-0.22,-0.27,0.84,1.28,-1.22,33.81
-0.2,-0.26,0.82,2.87,2.01,35.16
-0.18,-0.27,0.8,4.21,5.49,36.56
-0.17,-0.27,0.8,5.62,10.56,39.0
-0.16,-0.27,0.81,5.68,13.18,40.34
-0.15,-0.29,0.81,5.25,14.65,41.5
-0.15,-0.3,0.81,4.03,14.47,41.32
-0.15,-0.31,0.81,2.26,13.67,41.14
-0.14,-0.32,0.81,-1.77,10.13,40.1
-0.14,-0.32,0.82,-4.88,6.96,39.18
-0.15,-0.32,0.82,-7.63,4.88,38.15
-0.16,-0.32,0.8,-11.84,2.99,36.99
-0.17,-0.33,0.79,-14.71,2.75,36.56
-0.18,-0.34,0.79,-17.21,3.23,36.5
-0.18,-0.35,0.8,-20.08,4.09,36.99
-0.17,-0.36,0.81,-20.87,4.09,37.9
-0.17,-0.36,0.82,-20.87,4.09,39.06
-0.17,-0.35,0.83,-19.71,4.64,40.59
-0.17,-0.35,0.84,-18.43,5.62,41.44
-0.16,-0.33,0.84,-16.91,7.02,42.42
-0.16,-0.32,0.84,-15.75,7.81,43.27
-0.15,-0.31,0.83,-13.85,9.83,43.88
-0.12,-0.31,0.85,-10.74,10.07,46.08
-0.12,-0.32,0.87,-9.46,9.52,48.1
-0.12,-0.35,0.89,-8.36,10.38,49.74
-0.1,-0.36,0.9,-7.2,9.89,51.39
-0.08,-0.36,0.92,-7.08,7.02,52.61
-0.08,-0.36,0.93,-7.02,4.64,53.34
-0.07,-0.36,0.94,-7.2,1.34,53.59
-0.07,-0.35,0.97,-7.51,-1.65,53.59
-0.08,-0.33,0.99,-5.68,-2.75,52.31
-0.07,-0.35,1.0,-4.58,-4.64,51.03
-0.08,-0.35,1.02,-4.03,-7.75,49.8
-0.09,-0.35,1.03,-3.11,-8.24,47.91
-0.08,-0.34,1.04,-2.69,-8.12,47.73
-0.09,-0.34,1.05,-1.65,-7.51,48.65
-0.11,-0.3,1.08,1.22,-1.34,50.35
-0.13,-0.28,1.08,4.21,4.76,51.09
-0.15,-0.3,1.06,7.02,11.84,52.12
-0.12,-0.31,1.05,9.46,19.65,54.57
-0.1,-0.31,1.04,10.07,21.55,55.85
-0.06,-0.31,1.05,10.19,19.41,56.15
-0.06,-0.32,1.04,9.28,12.21,55.66
-0.06,-0.34,1.04,8.12,8.48,54.69
-0.06,-0.35,1.05,7.02,5.8,53.47
-0.07,-0.35,1.04,5.8,5.55,50.84
-0.07,-0.35,1.02,4.94,8.12,49.07
-0.06,-0.33,0.98,4.39,12.39,47.12
-0.04,-0.33,0.98,3.97,17.27,44.07
-0.02,-0.33,0.97,3.6,18.74,42.36
-0.01,-0.36,0.98,2.99,20.81,40.77
-0.0,-0.39,0.98,1.4,21.73,37.9
-0.0,-0.4,0.98,-0.24,19.47,36.07
-0.0,-0.42,0.98,-2.14,15.93,33.87
0.0,-0.42,0.98,-5.37,8.54,29.91
-0.01,-0.43,0.97,-7.63,3.36,27.4
-0.03,-0.42,0.95,-9.52,-1.1,24.96
-0.04,-0.41,0.94,-11.6,-5.68,21.67
-0.04,-0.4,0.94,-12.57,-8.48,19.78
-0.04,-0.36,0.92,-12.76,-12.57,16.85
-0.05,-0.34,0.91,-12.02,-14.83,15.75
-0.06,-0.33,0.89,-10.62,-16.11,15.01
-0.09,-0.3,0.88,-8.36,-14.95,15.01
-0.1,-0.28,0.89,-7.2,-12.39,15.14
-0.1,-0.26,0.9,-6.29,-10.93,15.32
-0.11,-0.25,0.89,-4.7,-10.44,15.75
-0.13,-0.24,0.88,-3.36,-9.34,15.69
-0.13,-0.24,0.88,-1.71,-10.5,16.24
-0.14,-0.24,0.86,-0.98,-9.95,16.48
-0.14,-0.24,0.85,-0.61,-9.89,16.78
-0.15,-0.25,0.86,-0.37,-13.92,18.25
-0.16,-0.25,0.86,-0.06,-15.87,19.1
-0.18,-0.26,0.84,0.18,-17.7,20.26
-0.19,-0.27,0.83,-0.12,-18.13,22.77
-0.2,-0.28,0.82,-0.06,-15.44,24.29
-0.18,-0.3,0.84,-0.24,-11.6,26.55
-0.16,-0.3,0.85,-0.12,-10.5,28.14
-0.15,-0.31,0.87,0.18,-10.25,29.66
-0.13,-0.31,0.9,0.92,-12.08,32.1
-0.13,-0.31,0.91,1.04,-13.31,33.39
-0.14,-0.32,0.93,1.4,-12.7,33.94
-0.14,-0.32,0.95,1.65,-8.85,33.14
-0.13,-0.33,0.96,1.71,-5.98,32.41
-0.1,-0.34,0.99,1.77,-4.15,30.52
-0.08,-0.34,1.01,1.83,-5.62,29.11
-0.08,-0.36,1.03,2.14,-8.85,28.75
-0.09,-0.37,1.05,3.05,-9.46,30.52
-0.07,-0.36,1.07,4.52,-7.63,33.63
-0.06,-0.36,1.1,5.8,-6.29,35.22
-0.06,-0.36,1.13,7.14,-3.78,35.95
-0.05,-0.36,1.16,8.61,-3.48,36.93
-0.04,-0.35,1.17,8.85,-6.71,37.05
-0.02,-0.34,1.18,9.34,-15.93,35.77
-0.03,-0.33,1.16,9.83,-23.19,34.3
-0.06,-0.35,1.09,10.01,-28.63,32.84
-0.08,-0.35,1.04,9.22,-30.21,32.17
-0.09,-0.35,1.01,8.42,-26.37,32.29
-0.08,-0.35,0.95,7.45,-21.61,33.51
-0.07,-0.34,0.91,5.8,-16.42,36.25
-0.04,-0.34,0.88,4.88,-13.61,38.57
-0.02,-0.33,0.84,3.6,-10.44,40.95
0.01,-0.32,0.83,1.59,-7.08,44.07
0.03,-0.31,0.81,-0.24,-7.2,45.9
0.05,-0.31,0.81,-1.89,-7.26,47.0
0.06,-0.31,0.81,-4.21,-5.25,47.85
0.08,-0.3,0.82,-5.25,-2.69,47.49
0.1,-0.3,0.84,-6.65,0.24,46.02
0.11,-0.31,0.85,-8.3,-0.31,44.37
0.11,-0.32,0.86,-10.01,-2.14,42.42
0.11,-0.33,0.88,-12.88,-6.9,39.06
0.1,-0.33,0.89,-14.28,-12.76,36.56
0.09,-0.34,0.91,-15.38,-20.63,34.18
0.05,-0.35,0.91,-16.54,-30.7,30.76
0.03,-0.35,0.9,-16.78,-34.61,28.32
-0.01,-0.36,0.89,-16.85,-35.64,25.09
-0.04,-0.37,0.88,-16.48,-33.57,23.38
-0.07,-0.37,0.87,-15.87,-28.99,22.16
-0.09,-0.37,0.87,-14.16,-19.78,21.12
-0.08,-0.36,0.87,-12.76,-15.2,20.94
-0.07,-0.36,0.87,-10.93,-12.82,21.24
-0.07,-0.35,0.87,-7.93,-12.63,22.34
-0.07,-0.35,0.87,-5.98,-13.43,23.13
-0.07,-0.35,0.85,-3.17,-14.04,24.29
-0.07,-0.35,0.84,-1.34,-13.37,24.78
-0.06,-0.36,0.85,-0.06,-12.21,25.15
-0.05,-0.35,0.86,1.95,-11.35,26.12
-0.04,-0.35,0.88,3.17,-11.29,26.86
-0.02,-0.36,0.9,4.15,-11.54,27.28
-0.02,-0.36,0.91,5.13,-11.6,28.32
-0.02,-0.37,0.92,5.31,-11.29,28.56
-0.02,-0.38,0.94,5.0,-10.01,28.14
-0.02,-0.4,0.95,4.76,-9.03,27.59
-0.01,-0.4,0.97,4.58,-9.09,27.22
0.0,-0.39,1.01,4.21,-10.86,26.06
-0.02,-0.39,1.04,3.85,-12.15,25.33
-0.06,-0.39,1.05,3.3,-12.7,25.09
-0.09,-0.4,1.07,1.53,-12.82,26.25
-0.11,-0.39,1.08,-0.31,-13.24,27.47
-0.12,-0.39,1.1,-2.69,-16.17,28.87
-0.13,-0.37,1.12,-6.29,-23.19,31.56
-0.14,-0.35,1.14,-8.48,-26.37,33.2
-0.15,-0.29,1.13,-11.29,-22.52,34.36
-0.15,-0.25,1.09,-13.06,-14.28,34.73
-0.15,-0.2,1.05,-14.83,-3.85,34.3
-0.11,-0.19,1.04,-17.4,7.51,31.68
-0.1,-0.19,1.04,-18.31,11.66,29.11
-0.02,-0.19,1.03,-18.07,10.25,26.61
0.0,-0.21,0.97,-16.91,-2.26,24.48
-0.0,-0.22,0.91,-16.42,-10.8,23.8
-0.02,-0.24,0.86,-15.08,-19.71,24.41
-0.06,-0.25,0.84,-13.85,-20.94,25.09
-0.1,-0.26,0.83,-12.08,-17.21,25.33
-0.1,-0.28,0.82,-8.67,-7.87,26.37
-0.1,-0.3,0.82,-6.47,-1.65,27.59
-0.08,-0.32,0.81,-4.27,3.6,28.87
-0.06,-0.33,0.82,-1.77,8.3,31.19
-0.07,-0.33,0.84,-0.98,9.28,32.78
-0.08,-0.33,0.88,-1.04,9.64,33.94
-0.1,-0.34,0.9,-1.65,9.83,34.18
-0.1,-0.35,0.91,-2.93,9.03,33.81
-0.11,-0.35,0.92,-5.37,6.23,32.35
-0.12,-0.36,0.92,-7.14,3.36,30.82
-0.13,-0.36,0.92,-8.91,0.0,28.63
-0.13,-0.37,0.91,-11.41,-6.9,25.51
-0.14,-0.38,0.9,-12.88,-11.11,23.5
-0.14,-0.38,0.88,-14.1,-13.85,21.91
-0.14,-0.38,0.87,-15.01,-16.6,20.45
-0.15,-0.37,0.86,-14.77,-17.52,19.96
-0.15,-0.36,0.85,-12.82,-17.76,18.98
-0.15,-0.35,0.84,-10.93,-17.82,18.55
-0.15,-0.35,0.81,-7.63,-16.54,17.76
-0.14,-0.35,0.8,-5.13,-14.22,17.15
-0.14,-0.35,0.79,-2.5,-10.74,16.42
-0.12,-0.36,0.8,2.99,-5.68,14.71
-0.11,-0.36,0.81,5.98,-5.19,13.24
-0.1,-0.36,0.81,7.69,-5.74,12.63
-0.11,-0.37,0.82,8.91,-5.92,12.51
-0.12,-0.37,0.83,10.25,-4.88,12.33
-0.11,-0.36,0.86,10.68,-4.15,11.72
-0.11,-0.37,0.89,10.8,-3.78,10.62
-0.1,-0.37,0.91,10.56,-4.46,8.36
-0.1,-0.37,0.93,10.07,-6.1,6.9
-0.1,-0.38,0.96,9.03,-7.14,5.31
-0.09,-0.38,0.98,7.87,-5.37,5.31
-0.07,-0.37,0.99,6.65,-2.5,6.53
-0.05,-0.36,1.03,4.15,0.37,10.01
-0.05,-0.36,1.06,2.56,1.53,12.15
-0.05,-0.37,1.09,0.73,2.26,13.12
-0.03,-0.37,1.14,-2.87,0.31,12.7
-0.02,-0.36,1.19,-5.0,-3.54,11.47
-0.01,-0.35,1.22,-6.65,-8.73,9.28
-0.02,-0.34,1.24,-8.12,-17.21,5.25
-0.04,-0.34,1.21,-8.73,-20.63,2.62
-0.05,-0.34,1.14,-9.58,-21.06,-0.55
-0.06,-0.34,1.09,-10.07,-17.58,-1.22
-0.08,-0.33,1.03,-10.5,-5.49,-0.73
-0.06,-0.32,1.01,-10.38,3.66,0.18
-0.02,-0.31,0.99,-10.31,9.95,1.4
0.0,-0.31,0.96,-10.31,16.85,2.93
0.02,-0.3,0.95,-10.31,20.94,3.48
0.06,-0.29,0.93,-10.07,23.68,3.91
0.08,-0.29,0.93,-9.89,24.41,3.6
0.1,-0.28,0.93,-9.77,21.97,2.56
0.11,-0.27,0.94,-9.7,16.66,0.61
0.1,-0.27,0.93,-10.13,5.86,-3.05
0.07,-0.27,0.92,-10.99,-0.43,-5.43
0.0,-0.28,0.9,-11.29,-2.87,-8.73
-0.01,-0.28,0.9,-11.35,-2.14,-10.86
-0.01,-0.29,0.89,-11.41,-1.95,-12.45
-0.03,-0.29,0.87,-10.93,-2.08,-13.0
-0.04,-0.3,0.86,-10.38,-2.32,-12.88
-0.05,-0.3,0.85,-8.85,-2.32,-11.66
-0.05,-0.3,0.85,-7.57,-2.44,-10.56
-0.04,-0.3,0.84,-6.23,-2.44,-9.28
-0.04,-0.29,0.84,-3.91,-1.34,-7.2
-0.03,-0.29,0.84,-2.38,-0.79,-5.68
-0.03,-0.28,0.85,0.0,-1.28,-3.66
-0.03,-0.27,0.86,1.22,-1.59,-2.81
-0.03,-0.27,0.87,2.08,-2.14,-2.32
-0.03,-0.27,0.87,3.36,-3.42,-1.77
-0.04,-0.27,0.87,4.09,-3.54,-2.01
-0.04,-0.28,0.87,4.58,-3.23,-2.01
-0.03,-0.28,0.88,4.76,-3.6,-1.34
-0.03,-0.28,0.9,4.76,-4.27,-0.67
-0.03,-0.29,0.94,4.64,-6.35,0.43
-0.04,-0.29,0.95,4.52,-7.32,1.34
-0.05,-0.3,0.95,4.58,-7.2,2.2
-0.05,-0.3,0.95,3.91,-5.98,3.54
-0.05,-0.31,0.97,3.72,-4.94,4.09
-0.05,-0.31,1.0,3.66,-4.82,4.52
-0.03,-0.31,1.03,3.48,-7.2,4.46
-0.02,-0.31,1.04,3.72,-10.31,4.46
-0.03,-0.29,1.04,4.39,-13.61,5.31
-0.04,-0.29,1.05,4.88,-13.49,6.59
-0.04,-0.28,1.06,5.31,-10.99,8.42
-0.04,-0.25,1.09,5.86,-5.07,12.63
-0.05,-0.24,1.12,5.68,-0.61,15.75
-0.07,-0.22,1.14,5.55,3.78,18.55
-0.06,-0.2,1.15,4.94,8.97,20.87
-0.06,-0.19,1.14,4.33,9.09,20.87
-0.07,-0.2,1.11,3.78,8.18,19.78
-0.07,-0.21,1.08,3.17,6.47,16.54
-0.06,-0.22,1.06,2.44,4.64,14.59
-0.07,-0.23,1.02,0.92,3.85,12.21
-0.08,-0.24,0.99,-0.55,5.37,11.54
-0.09,-0.25,0.97,-2.08,8.79,11.29
-0.1,-0.26,0.93,-4.21,15.5,11.66
-0.09,-0.27,0.92,-5.68,19.78,12.57
-0.08,-0.29,0.9,-7.2,22.89,13.43
-0.06,-0.3,0.9,-9.64,23.5,14.95
-0.04,-0.31,0.9,-10.8,21.0,16.05
-0.0,-0.32,0.92,-12.15,15.93,16.85
0.01,-0.31,0.93,-13.85,6.71,17.52
-0.01,-0.31,0.93,-14.47,2.14,17.03
-0.04,-0.3,0.93,-14.95,-0.49,15.38
-0.04,-0.3,0.93,-14.95,0.12,13.98
-0.04,-0.29,0.92,-14.59,1.28,12.63
-0.03,-0.29,0.91,-13.43,1.59,10.86
-0.02,-0.28,0.9,-12.45,0.85,9.83
-0.01,-0.27,0.88,-11.05,-0.18,8.73
-0.02,-0.27,0.87,-8.67,-1.28,7.45
-0.03,-0.27,0.85,-5.55,0.18,6.96
-0.04,-0.27,0.84,-4.03,2.32,6.96
-0.03,-0.27,0.83,-2.44,4.39,7.26
-0.03,-0.28,0.82,-0.06,5.8,7.45
-0.04,-0.29,0.82,1.16,5.55,7.26
-0.04,-0.3,0.81,1.95,5.31,6.9
-0.04,-0.31,0.81,2.32,4.7,5.86
-0.04,-0.31,0.81,2.01,3.97,5.07
-0.05,-0.33,0.83,1.77,2.81,4.03
-0.05,-0.34,0.84,1.4,0.06,2.08
-0.05,-0.35,0.84,1.59,-1.28,1.22
-0.06,-0.35,0.85,1.89,-2.32,0.79
-0.06,-0.37,0.86,2.87,-1.77,0.43
-0.06,-0.37,0.87,3.97,-1.22,0.55
-0.05,-0.38,0.9,5.19,-0.79,0.67
-0.05,-0.37,0.92,7.26,-0.37,1.16
-0.04,-0.37,0.93,8.79,0.55,1.28
-0.04,-0.37,0.94,10.56,1.77,1.4
-0.03,-0.37,0.95,13.31,4.09,1.16
-0.02,-0.36,0.96,14.83,5.37,0.49
-0.01,-0.35,0.98,17.27,5.92,-1.46
-0.01,-0.35,1.0,19.17,5.19,-3.42
-0.01,-0.36,1.03,21.48,3.66,-5.68
-0.02,-0.37,1.05,25.02,0.31,-9.22
-0.03,-0.39,1.06,27.34,-1.1,-10.68
-0.03,-0.4,1.06,29.11,-0.61,-10.74
-0.01,-0.4,1.07,29.85,0.98,-7.69
-0.02,-0.4,1.08,29.24,2.32,-4.21
-0.05,-0.43,1.11,27.04,8.61,0.98
-0.04,-0.43,1.12,24.41,13.79,3.97
-0.02,-0.41,1.14,21.67,17.88,6.1
0.01,-0.39,1.17,17.03,19.35,7.26
0.02,-0.37,1.17,13.67,17.76,6.65
0.05,-0.35,1.18,10.25,15.01,4.82
0.08,-0.33,1.18,7.2,11.17,1.89
0.09,-0.31,1.18,2.93,5.43,-3.05
0.08,-0.29,1.17,0.55,3.23,-6.16
0.08,-0.28,1.14,-1.77,1.71,-9.52
0.08,-0.27,1.11,-3.11,1.22,-10.93
0.07,-0.27,1.08,-4.27,0.92,-11.66
0.06,-0.28,1.02,-5.55,1.65,-12.45
0.07,-0.28,0.99,-6.23,1.95,-12.76
0.06,-0.28,0.93,-7.08,3.36,-13.73
0.06,-0.28,0.9,-7.81,5.74,-14.47
0.06,-0.28,0.86,-8.36,8.42,-14.95
0.06,-0.27,0.84,-9.28,10.93,-15.69
0.06,-0.27,0.83,-9.95,10.93,-15.99
0.07,-0.26,0.82,-10.5,8.24,-15.87
0.08,-0.25,0.81,-10.74,4.03,-15.69
0.07,-0.25,0.79,-10.74,-2.38,-15.2
0.05,-0.24,0.78,-10.93,-3.91,-14.89
0.04,-0.23,0.78,-10.86,-3.48,-14.71
0.03,-0.22,0.78,-10.86,-1.95,-14.1
0.03,-0.22,0.79,-10.86,-1.34,-13.61
0.03,-0.21,0.8,-10.68,-0.73,-12.27
0.03,-0.21,0.81,-10.5,-1.28,-10.86
0.02,-0.2,0.82,-10.31,-1.95,-9.4
0.01,-0.2,0.82,-9.16,-1.95,-7.2
-0.0,-0.2,0.83,-8.18,-2.01,-5.37
-0.01,-0.2,0.84,-5.98,-2.14,-2.93
-0.02,-0.2,0.85,-4.58,-2.56,-1.16
-0.04,-0.22,0.86,-2.2,-2.99,1.46
-0.04,-0.23,0.86,-0.73,-2.93,2.99
-0.05,-0.24,0.87,1.16,-1.71,5.37
-0.05,-0.25,0.88,2.38,-0.43,7.14
-0.04,-0.27,0.9,3.66,0.18,9.09
-0.03,-0.27,0.93,5.25,-0.73,11.9
-0.02,-0.27,0.95,6.1,-2.5,13.92
-0.01,-0.28,0.98,6.77,-5.37,17.46
-0.01,-0.28,0.99,7.26,-5.74,19.59
-0.01,-0.28,1.0,7.87,-5.37,21.3
-0.01,-0.28,1.01,8.67,-4.33,22.58
-0.01,-0.29,1.03,9.4,-4.03,23.13
-0.01,-0.31,1.05,10.68,-5.25,22.83
0.01,-0.32,1.06,11.72,-6.29,22.71
0.02,-0.33,1.07,12.57,-6.9,23.32
0.02,-0.33,1.09,13.31,-5.92,26.25
0.02,-0.31,1.1,13.43,-3.6,29.36
0.01,-0.3,1.13,13.18,0.37,33.02
0.0,-0.3,1.14,12.45,7.69,38.09
0.0,-0.3,1.15,11.47,11.41,40.95
0.03,-0.28,1.16,10.07,13.92,44.01
0.05,-0.26,1.18,9.16,11.9,44.8
0.04,-0.24,1.17,8.18,8.06,44.56
0.01,-0.23,1.12,6.96,4.09,42.48
0.01,-0.23,1.09,6.1,3.36,40.1
0.01,-0.24,1.06,5.0,3.23,37.6
0.02,-0.25,1.0,2.69,3.91,34.55
0.02,-0.25,0.97,-1.34,4.52,32.23
0.02,-0.25,0.95,-3.42,4.76,31.56
0.03,-0.26,0.94,-6.35,4.39,31.25
0.03,-0.27,0.92,-8.3,3.72,31.13
0.05,-0.29,0.91,-10.19,2.93,31.37
0.05,-0.3,0.9,-12.82,1.1,31.8
0.05,-0.3,0.89,-14.16,0.06,31.86
0.04,-0.31,0.89,-15.08,-0.55,31.07
0.04,-0.31,0.88,-15.2,-1.04,29.91
0.03,-0.31,0.87,-15.08,-2.08,27.59
0.03,-0.31,0.86,-15.08,-2.87,25.82
0.03,-0.3,0.85,-14.89,-3.85,23.99
0.02,-0.3,0.84,-14.34,-5.49,21.12
0.02,-0.29,0.83,-13.92,-6.84,19.04
0.0,-0.3,0.81,-13.06,-8.18,16.72
-0.0,-0.3,0.8,-12.45,-8.54,15.99
-0.01,-0.3,0.79,-11.11,-8.61,15.81
-0.01,-0.3,0.79,-10.07,-8.42,16.3
-0.01,-0.29,0.8,-9.22,-8.24,16.72
-0.02,-0.29,0.82,-7.57,-7.75,17.21
-0.03,-0.29,0.83,-5.92,-7.69,17.33
-0.04,-0.3,0.83,-3.48,-7.14,16.66
-0.05,-0.3,0.84,-1.77,-6.29,15.75
-0.05,-0.32,0.87,0.55,-5.49,14.16
-0.05,-0.33,0.88,2.26,-4.52,13.31
-0.04,-0.34,0.9,4.03,-4.33,12.76
-0.05,-0.35,0.91,6.53,-4.15,13.0
-0.06,-0.36,0.92,8.36,-3.36,13.61
-0.05,-0.36,0.95,11.11,-3.36,14.65
-0.04,-0.36,0.97,12.82,-3.23,15.26
-0.02,-0.35,0.99,14.22,-2.56,15.69
-0.0,-0.34,1.01,16.48,-2.08,15.44
0.01,-0.33,1.03,17.33,-2.69,14.59
0.02,-0.32,1.06,18.74,-3.66,11.72
0.02,-0.32,1.06,19.78,-4.15,9.28
0.03,-0.33,1.07,20.75,-4.46,7.39
0.02,-0.34,1.07,22.09,-2.62,6.65
0.03,-0.34,1.06,22.34,0.49,7.57
0.06,-0.34,1.07,21.67,4.82,11.54
0.06,-0.34,1.08,21.0,6.84,14.95
0.06,-0.34,1.09,19.9,8.79,18.37
0.08,-0.33,1.1,17.88,10.5,22.22
0.09,-0.32,1.11,15.99,9.7,23.44
0.11,-0.3,1.1,13.98,8.0,23.38
0.12,-0.3,1.08,10.56,5.49,20.94
0.14,-0.29,1.07,7.93,3.72,18.49
0.15,-0.28,1.07,5.55,1.16,15.81
0.14,-0.28,1.06,2.5,-2.99,12.82
0.12,-0.28,1.03,0.43,-4.27,11.72
0.1,-0.29,0.98,-2.32,-4.09,12.15
0.09,-0.3,0.96,-4.09,-2.62,12.63
0.09,-0.31,0.94,-5.62,-1.77,13.24
0.1,-0.32,0.93,-7.87,-0.98,14.16
0.11,-0.32,0.91,-9.16,-1.16,14.71
0.12,-0.33,0.89,-11.11,-0.85,15.38
0.13,-0.32,0.88,-12.21,-0.43,15.32
0.13,-0.31,0.87,-13.79,-0.18,15.5
0.12,-0.3,0.87,-15.01,0.49,15.2
0.12,-0.28,0.89,-15.99,0.43,14.83
0.12,-0.27,0.9,-17.58,-1.53,14.1
0.12,-0.26,0.9,-18.37,-3.42,13.43
0.12,-0.26,0.9,-19.23,-7.2,11.84
0.11,-0.26,0.89,-19.65,-9.28,11.11
0.09,-0.25,0.89,-19.71,-10.01,10.25
0.09,-0.25,0.89,-18.98,-10.99,9.52
0.08,-0.25,0.89,-18.19,-11.78,9.89
0.06,-0.25,0.89,-16.66,-11.05,11.17
0.06,-0.24,0.89,-14.89,-9.16,12.15
0.06,-0.23,0.88,-13.0,-6.23,13.12
0.07,-0.23,0.88,-9.58,-2.99,14.47
0.08,-0.23,0.87,-7.51,-1.71,15.2
0.08,-0.23,0.87,-4.58,-0.85,16.24
0.08,-0.23,0.86,-2.75,-1.1,16.97
0.07,-0.24,0.84,-0.73,-1.46,18.49
0.07,-0.24,0.84,0.43,-2.14,19.71
0.08,-0.24,0.85,1.1,-4.03,21.06
0.07,-0.24,0.87,2.26,-7.45,23.07
0.07,-0.25,0.89,2.93,-9.22,24.23
0.06,-0.25,0.92,3.66,-11.35,26.61
0.07,-0.26,0.95,4.03,-12.57,28.38
0.07,-0.26,0.97,4.33,-13.12,30.03
0.07,-0.27,1.0,4.94,-11.84,31.8
0.07,-0.27,1.02,5.74,-11.11,32.41
0.07,-0.28,1.05,7.32,-11.47,32.59
0.07,-0.3,1.06,8.54,-12.45,32.29
0.09,-0.31,1.08,10.38,-15.44,31.8
0.11,-0.31,1.1,11.78,-19.1,31.92
0.12,-0.29,1.14,13.0,-20.94,33.08
0.11,-0.28,1.15,14.95,-18.68,36.62
0.11,-0.26,1.18,16.3,-14.89,39.67
0.11,-0.25,1.21,17.64,-10.8,43.27
0.11,-0.24,1.23,19.35,-5.13,47.42
0.1,-0.24,1.24,19.84,-3.42,48.71
0.07,-0.24,1.21,19.59,-2.69,48.65
0.07,-0.25,1.18,18.49,-4.09,46.33
0.06,-0.26,1.15,17.15,-7.08,43.52
0.05,-0.27,1.1,15.44,-10.01,40.22
0.04,-0.28,1.06,12.57,-13.61,35.03
0.03,-0.27,1.01,9.89,-14.71,32.47
0.03,-0.26,0.96,5.55,-14.34,30.09
0.04,-0.26,0.93,2.69,-14.1,29.54
0.05,-0.24,0.92,0.43,-14.95,29.66
0.04,-0.24,0.9,-2.44,-15.62,30.88
0.05,-0.22,0.9,-3.48,-14.28,31.74
0.06,-0.22,0.88,-4.76,-14.28,34.0
0.06,-0.22,0.87,-5.19,-13.31,34.91
0.06,-0.21,0.87,-5.43,-12.39,35.58
0.05,-0.21,0.86,-5.31,-11.66,35.83
0.03,-0.22,0.85,-5.07,-10.56,35.34
0.02,-0.23,0.82,-4.7,-9.22,34.73
0.02,-0.24,0.81,-4.09,-8.48,33.87
0.02,-0.25,0.79,-3.85,-9.03,33.57
0.01,-0.25,0.79,-3.48,-10.44,32.96
0.0,-0.26,0.78,-3.72,-11.29,32.78
-0.02,-0.27,0.78,-3.91,-10.13,32.53
-0.02,-0.28,0.77,-3.97,-6.1,32.59
-0.02,-0.29,0.77,-3.78,-3.6,32.9
-0.01,-0.31,0.76,-3.78,-1.71,33.2
-0.0,-0.32,0.76,-4.33,-1.1,34.36
-0.01,-0.33,0.77,-4.58,-0.61,34.73
0.0,-0.35,0.78,-5.19,-0.61,34.0
0.0,-0.36,0.8,-5.55,-1.83,33.02
0.01,-0.37,0.83,-5.74,-4.33,31.62
0.02,-0.38,0.84,-6.04,-10.19,28.81
0.02,-0.38,0.86,-5.92,-14.65,26.86
0.02,-0.39,0.88,-5.37,-18.43,24.84
0.02,-0.39,0.89,-4.33,-24.78,22.28
0.01,-0.39,0.9,-3.85,-27.47,21.24
-0.01,-0.39,0.92,-1.28,-25.7,19.47
-0.01,-0.38,0.95,0.98,-22.52,18.8
-0.01,-0.38,0.97,3.36,-18.07,18.07
0.0,-0.36,1.01,6.84,-10.19,16.54
0.02,-0.33,1.04,10.13,-6.96,15.2
0.04,-0.31,1.07,13.67,-8.42,13.49
0.03,-0.31,1.09,17.27,-15.32,10.13
0.0,-0.31,1.09,19.35,-18.92,7.81
-0.01,-0.31,1.08,21.67,-21.24,5.55
-0.06,-0.35,1.05,25.15,-20.02,3.91
-0.07,-0.38,1.03,26.37,-15.26,4.82
-0.07,-0.39,1.02,26.49,-8.36,7.51
-0.06,-0.4,1.04,26.0,2.14,14.53
-0.04,-0.39,1.06,25.7,7.26,19.71
-0.01,-0.37,1.07,24.9,9.89,24.54
-0.0,-0.35,1.08,22.64,11.54,30.4
0.01,-0.32,1.1,20.87,11.17,32.84
0.03,-0.3,1.11,18.92,9.83,33.39
0.04,-0.29,1.11,15.81,7.51,31.01
0.05,-0.29,1.1,13.79,5.8,27.83
0.06,-0.3,1.09,11.72,3.36,23.99
0.07,-0.3,1.06,8.18,-0.24,18.01
0.07,-0.3,1.03,5.68,-2.14,15.38
0.07,-0.31,0.98,3.23,-2.93,13.73
0.06,-0.31,0.95,-0.55,-2.38,13.55
0.06,-0.31,0.92,-3.11,-0.06,14.28
0.09,-0.3,0.9,-6.47,3.17,15.81
0.1,-0.29,0.88,-8.42,4.03,16.91
0.11,-0.29,0.88,-10.25,4.03,17.82
0.13,-0.27,0.87,-11.96,3.36,18.49
0.13,-0.26,0.87,-14.59,1.83,18.8
0.12,-0.25,0.87,-16.17,1.28,18.49
0.1,-0.24,0.87,-18.55,1.59,17.33
0.08,-0.24,0.86,-20.2,1.53,16.11
0.07,-0.25,0.84,-21.97,0.73,14.83
0.05,-0.25,0.83,-23.99,0.31,13.0
0.04,-0.25,0.84,-25.15,0.12,12.27
0.05,-0.26,0.85,-25.94,-1.59,12.02
0.05,-0.26,0.85,-26.49,-6.16,12.27
0.05,-0.25,0.84,-26.0,-9.16,12.7
0.05,-0.25,0.84,-25.27,-12.7,13.43
0.04,-0.24,0.84,-23.8,-17.58,15.08
0.03,-0.23,0.85,-22.22,-19.17,16.36
0.02,-0.22,0.87,-20.08,-18.62,17.76
0.03,-0.21,0.89,-16.17,-15.44,19.59
0.02,-0.21,0.9,-10.86,-10.8,21.79
0.01,-0.2,0.92,-7.57,-3.78,23.19
0.01,-0.2,0.93,-5.43,0.24,24.6
0.03,-0.2,0.95,-3.42,2.26,26.25
0.03,-0.21,0.97,-0.67,1.95,28.63
0.02,-0.21,0.99,1.16,1.53,30.33
-0.0,-0.22,0.99,3.23,2.81,32.84
-0.0,-0.23,1.0,4.39,4.58,33.75
0.0,-0.25,1.02,4.94,5.13,34.79
0.0,-0.27,1.03,5.25,5.68,36.07
0.01,-0.27,1.04,5.55,5.68,36.13
0.04,-0.29,1.05,6.16,3.05,35.4
0.04,-0.3,1.06,6.71,0.0,35.1
0.06,-0.3,1.07,7.32,-3.72,34.67
0.08,-0.29,1.1,8.97,-11.05,34.36
0.09,-0.29,1.12,10.13,-16.05,35.34
0.09,-0.29,1.15,10.93,-19.1,38.76
0.09,-0.26,1.17,11.47,-18.01,42.3
0.09,-0.24,1.18,11.9,-15.2,46.63
0.08,-0.22,1.19,12.21,-7.14,52.12
0.09,-0.2,1.19,12.15,-1.77,54.87
0.1,-0.18,1.18,11.9,1.71,55.97
0.1,-0.18,1.17,11.47,0.55,54.93
0.09,-0.18,1.16,10.99,-1.1,52.67
0.11,-0.19,1.14,9.95,-5.62,47.73
0.12,-0.19,1.12,8.61,-9.52,44.74
0.12,-0.18,1.09,7.32,-12.88,42.24
0.1,-0.17,1.05,5.07,-15.01,39.86
0.08,-0.17,1.02,3.23,-13.79,39.49
0.07,-0.17,0.99,0.61,-10.56,40.1
0.07,-0.18,0.97,-0.98,-8.3,41.02
0.06,-0.19,0.95,-2.81,-5.74,42.18
0.07,-0.21,0.94,-5.13,-2.69,43.46
0.07,-0.22,0.93,-6.9,-1.77,44.49
0.07,-0.22,0.93,-7.75,-1.28,45.29
0.09,-0.22,0.92,-8.3,-6.35,45.23
0.07,-0.23,0.9,-9.22,-14.22,44.13
0.04,-0.22,0.87,-9.46,-15.32,43.76
0.02,-0.23,0.84,-9.64,-14.83,43.52
0.01,-0.23,0.84,-9.34,-13.67,43.03
0.01,-0.23,0.83,-9.09,-11.72,42.11
0.04,-0.23,0.82,-8.48,-11.78,40.59
0.03,-0.23,0.81,-7.93,-13.37,40.59
0.02,-0.23,0.79,-7.69,-13.61,40.59
0.01,-0.24,0.78,-7.2,-11.96,41.08
0.02,-0.24,0.78,-6.04,-8.91,42.36
0.02,-0.25,0.79,-5.49,-7.69,43.09
0.02,-0.26,0.79,-5.13,-6.23,43.4
0.02,-0.26,0.8,-4.03,-4.88,43.46
0.02,-0.27,0.8,-3.6,-4.52,42.91
0.01,-0.29,0.83,-3.36,-2.99,40.95
0.01,-0.3,0.85,-3.48,-2.01,39.12
0.01,-0.3,0.87,-3.72,-1.83,37.29
0.02,-0.31,0.9,-4.33,-4.39,33.33
0.02,-0.31,0.92,-4.88,-6.53,30.58
0.0,-0.31,0.92,-5.55,-8.06,26.55
-0.01,-0.31,0.94,-5.62,-8.12,23.8
-0.0,-0.3,0.97,-5.43,-7.93,21.3
0.0,-0.29,1.0,-3.6,-8.54,18.49
0.01,-0.29,1.01,-1.83,-9.46,17.15
0.01,-0.3,1.03,2.08,-9.95,14.71
0.01,-0.32,1.05,4.82,-9.64,13.18
0.02,-0.32,1.08,8.85,-10.25,10.99
0.02,-0.33,1.11,11.47,-10.68,10.25
0.02,-0.34,1.11,13.55,-10.01,10.56
0.05,-0.34,1.12,14.89,-7.08,13.67
0.08,-0.33,1.14,14.59,-4.52,17.21
0.1,-0.3,1.17,14.16,-2.26,21.06
0.11,-0.28,1.19,13.92,-2.08,24.6
0.12,-0.27,1.2,13.31,-3.72,24.78
0.14,-0.25,1.23,12.33,-8.24,22.71
0.13,-0.24,1.24,11.9,-12.02,20.08
0.09,-0.25,1.19,11.47,-14.65,16.72
0.06,-0.26,1.14,10.44,-13.37,11.54
0.06,-0.27,1.09,9.4,-9.7,8.79
0.08,-0.27,1.03,7.57,-5.19,6.53
0.09,-0.26,1.0,6.35,-3.72,6.16
0.1,-0.25,0.97,5.07,-1.77,6.59
0.12,-0.24,0.92,3.72,2.69,7.75
0.15,-0.24,0.89,2.75,4.64,9.03
0.17,-0.23,0.85,1.77,6.53,10.31
0.2,-0.21,0.82,0.18,9.09,11.47
0.23,-0.2,0.81,-0.73,9.7,11.72
0.26,-0.18,0.82,-2.08,8.48,11.6
0.27,-0.16,0.82,-3.05,6.65,11.35
0.26,-0.15,0.83,-4.15,4.33,11.23
0.21,-0.14,0.84,-5.55,3.66,10.86
0.18,-0.15,0.83,-8.36,6.65,9.89
0.16,-0.16,0.83,-10.01,8.24,9.09
0.12,-0.18,0.84,-12.08,9.16,7.63
0.11,-0.2,0.85,-13.37,8.48,6.71
0.1,-0.21,0.87,-14.4,6.96,5.8
0.09,-0.23,0.88,-15.01,4.09,4.7
0.08,-0.23,0.88,-14.71,2.62,4.7
0.07,-0.24,0.88,-14.22,0.85,5.07
0.07,-0.24,0.88,-13.37,-2.01,6.35
0.07,-0.24,0.87,-12.57,-3.42,7.51
0.08,-0.23,0.88,-10.68,-5.86,9.95
0.09,-0.23,0.9,-8.85,-6.9,11.47
0.09,-0.22,0.91,-6.65,-7.2,12.63
0.09,-0.22,0.91,-3.23,-4.7,13.92
0.09,-0.23,0.92,-1.16,-2.5,14.34
0.11,-0.24,0.93,0.61,-1.22,14.71
0.12,-0.26,0.93,2.99,-1.71,14.95
0.13,-0.26,0.94,4.15,-2.32,14.77
0.13,-0.27,0.95,4.7,-3.23,14.77
0.14,-0.27,0.96,5.31,-3.91,15.08
0.15,-0.27,0.99,5.55,-3.66,15.01
0.15,-0.27,1.02,5.92,-3.3,15.08
0.15,-0.27,1.03,6.1,-2.56,14.71
0.15,-0.27,1.06,6.47,-1.83,14.04
0.15,-0.27,1.08,6.84,-3.97,11.47
0.14,-0.28,1.09,6.96,-6.71,9.34
0.13,-0.29,1.1,7.26,-9.64,7.14
0.09,-0.3,1.11,7.75,-10.56,4.82
0.08,-0.3,1.11,7.69,-7.87,4.7
0.09,-0.3,1.13,7.08,-4.27,6.29
0.09,-0.28,1.17,5.92,0.18,10.93
0.09,-0.26,1.19,5.92,1.83,13.85
0.09,-0.25,1.19,5.92,1.46,16.6
0.12,-0.23,1.19,5.07,-2.26,20.39
0.14,-0.21,1.17,3.97,-5.8,22.4
0.14,-0.19,1.16,2.87,-8.61,23.56
0.14,-0.15,1.15,2.2,-11.6,23.07
0.14,-0.12,1.12,2.26,-13.12,21.18
0.14,-0.11,1.08,2.32,-14.59,18.55
0.14,-0.09,1.02,2.08,-15.26,14.95
0.13,-0.08,0.98,1.53,-13.61,13.61
0.14,-0.08,0.95,0.85,-11.54,13.31
0.13,-0.07,0.92,-0.12,-8.79,14.22
0.11,-0.08,0.91,-0.12,-6.96,14.95
0.09,-0.1,0.89,0.06,-5.0,15.87
0.09,-0.11,0.87,0.43,-2.44,18.07
0.08,-0.13,0.86,0.37,-1.04,19.9
0.07,-0.16,0.85,0.37,0.37,21.97
0.07,-0.17,0.86,-0.37,2.56,24.84
0.07,-0.17,0.87,-0.92,2.99,26.25
0.07,-0.16,0.88,-1.95,1.46,27.16
0.06,-0.16,0.89,-2.56,-0.18,26.92
0.05,-0.16,0.89,-3.11,-1.95,26.37
0.04,-0.16,0.88,-4.03,-5.0,25.21
0.02,-0.16,0.87,-4.58,-5.98,24.29
0.01,-0.17,0.86,-5.19,-5.62,23.38
0.0,-0.18,0.84,-5.86,-3.91,22.71
-0.0,-0.19,0.84,-6.16,-2.08,22.46
0.01,-0.2,0.85,-6.53,-0.85,22.46
0.01,-0.2,0.85,-6.53,-0.73,23.19
0.02,-0.21,0.86,-6.16,-0.92,23.68
0.02,-0.22,0.87,-5.49,-1.22,24.35
0.01,-0.23,0.87,-3.48,-1.16,25.27
0.01,-0.23,0.89,-1.53,-1.1,25.33
0.01,-0.25,0.9,1.1,-1.77,24.23
0.01,-0.26,0.89,2.93,-1.89,23.01
0.02,-0.27,0.9,4.64,-2.08,21.48
0.02,-0.29,0.92,7.08,-2.08,19.71
0.02,-0.3,0.93,8.79,-1.83,18.8
0.02,-0.3,0.94,10.74,-1.71,17.7
0.03,-0.31,0.95,13.37,-0.73,16.54
0.04,-0.31,0.96,14.77,-0.24,15.99
0.07,-0.3,0.98,16.05,-0.73,15.62
0.09,-0.28,0.99,17.4,-2.38,14.47
0.1,-0.28,1.01,18.49,-3.78,13.24
0.11,-0.27,1.03,19.53,-5.19,10.62
0.11,-0.27,1.03,20.08,-4.27,8.67
0.11,-0.28,1.04,19.96,-1.95,6.9
0.14,-0.29,1.06,18.68,2.81,6.1
0.16,-0.3,1.07,16.17,6.59,7.32
0.18,-0.28,1.1,13.0,10.01,9.58
0.21,-0.23,1.17,10.31,10.8,11.6
0.21,-0.21,1.2,7.14,6.59,12.57
0.19,-0.21,1.23,5.31,2.87,11.66
0.17,-0.19,1.24,3.97,-0.37,9.89
0.15,-0.18,1.24,2.69,-5.55,6.65
0.11,-0.19,1.21,1.89,-8.12,3.66
0.06,-0.19,1.15,1.65,-8.12,-0.43
0.04,-0.22,1.08,1.89,-6.9,-2.14
0.05,-0.22,1.01,2.08,-4.82,-1.1
0.06,-0.22,0.97,2.32,-2.81,0.85
0.07,-0.2,0.92,2.26,-0.85,3.97
0.1,-0.18,0.9,1.95,2.62,8.79
0.14,-0.17,0.89,1.71,3.72,12.08
0.18,-0.14,0.88,1.4,5.68,16.72
0.21,-0.12,0.87,1.28,6.77,19.47
0.24,-0.11,0.87,0.85,6.59,21.61
0.28,-0.09,0.88,-0.31,4.76,23.5
0.29,-0.08,0.9,-1.1,3.05,23.74
0.28,-0.07,0.92,-1.65,2.08,23.32
0.24,-0.09,0.95,-2.01,2.93,22.16
0.22,-0.11,0.95,-2.62,5.49,19.78
0.2,-0.14,0.93,-3.05,6.84,18.25
0.17,-0.18,0.92,-4.03,7.14,16.17
0.16,-0.21,0.92,-4.88,5.74,15.26
0.15,-0.23,0.92,-5.55,3.17,14.59
0.13,-0.25,0.92,-5.8,-1.28,14.22
0.12,-0.26,0.91,-5.62,-3.6,14.59
0.11,-0.27,0.9,-4.7,-4.94,15.14
0.11,-0.26,0.89,-2.81,-5.62,16.17
0.12,-0.26,0.88,-1.1,-5.43,17.15
0.14,-0.26,0.87,1.53,-4.64,18.19
0.15,-0.25,0.87,3.23,-4.21,18.86
0.16,-0.25,0.87,4.7,-3.97,19.1
0.16,-0.26,0.87,6.65,-4.27,18.74
0.16,-0.26,0.87,7.63,-4.76,18.19
0.15,-0.27,0.85,8.24,-4.82,17.58
0.16,-0.28,0.84,9.03,-4.7,16.72
0.17,-0.28,0.85,9.28,-5.55,16.36
0.17,-0.28,0.86,9.28,-6.96,15.87
0.18,-0.28,0.88,9.28,-8.24,15.75
0.19,-0.28,0.9,9.16,-9.46,15.69
0.19,-0.27,0.92,8.73,-9.52,16.24
0.19,-0.26,0.94,8.36,-8.67,16.66
0.18,-0.25,0.96,8.0,-7.93,16.91
0.18,-0.25,0.99,7.45,-7.87,16.3
0.18,-0.25,1.01,6.96,-8.79,15.56
0.16,-0.25,1.03,6.59,-10.13,14.95
0.15,-0.24,1.04,6.77,-12.15,14.4
0.14,-0.24,1.05,7.02,-13.31,14.53
0.13,-0.23,1.08,7.69,-13.61,15.5
0.13,-0.23,1.11,8.97,-11.41,19.29
0.14,-0.21,1.15,9.89,-9.89,23.44
0.14,-0.19,1.18,10.8,-8.18,28.38
0.13,-0.18,1.19,12.63,-3.97,35.1
0.12,-0.18,1.2,13.67,-0.79,38.82
0.11,-0.17,1.19,15.01,2.14,41.93
0.11,-0.17,1.18,15.81,2.38,42.11
0.1,-0.17,1.15,16.3,1.71,41.32
0.09,-0.17,1.11,17.03,0.24,38.57
0.1,-0.19,1.08,16.78,-0.85,36.32
0.1,-0.21,1.02,15.99,-1.77,34.24
0.1,-0.22,0.98,13.43,-2.08,32.41
0.1,-0.23,0.96,11.35,-0.92,31.92
0.11,-0.23,0.94,9.09,0.92,31.43
0.13,-0.24,0.92,6.16,3.85,30.64
0.15,-0.25,0.91,4.09,4.33,30.09
0.17,-0.25,0.91,2.26,3.05,29.79
0.19,-0.26,0.9,-0.73,-0.67,28.81
0.19,-0.26,0.9,-2.75,-2.69,28.02
0.19,-0.25,0.91,-4.64,-4.21,26.98
0.17,-0.25,0.9,-6.9,-5.25,24.41
0.15,-0.25,0.9,-7.93,-5.07,22.28
0.14,-0.25,0.89,-8.67,-4.88,20.14
0.13,-0.25,0.89,-9.22,-5.0,17.7
0.12,-0.25,0.88,-9.34,-5.55,16.54
0.11,-0.26,0.87,-8.54,-7.14,14.95
